2026-02-17 11:22:28.198 +05:30 [ERR] Test error log
2026-02-17 11:25:17.145 +05:30 [ERR] Test error log
2026-02-17 11:28:09.235 +05:30 [ERR] Test error log
2026-02-17 11:28:17.724 +05:30 [ERR] Test error log
2026-02-17 11:28:32.208 +05:30 [ERR] Test error log
2026-02-17 11:28:44.171 +05:30 [ERR] Test error log
2026-02-17 11:30:07.323 +05:30 [ERR] Test error log
2026-02-17 11:30:29.920 +05:30 [INF] HTTP GET /api/LoanDeals responded 200 in 2644.7170 ms
2026-02-17 11:35:19.227 +05:30 [ERR] Test error log
2026-02-17 11:36:24.735 +05:30 [ERR] Test error log
2026-02-17 11:38:25.076 +05:30 [ERR] Test error log
2026-02-17 11:38:46.426 +05:30 [INF] HTTP POST /api/LoanTypes responded 200 in 2692.2788 ms
2026-02-17 11:38:54.265 +05:30 [INF] HTTP POST /api/LoanTypes responded 200 in 187.5514 ms
2026-02-17 11:39:07.708 +05:30 [INF] HTTP GET /api/LoanTypes responded 200 in 654.5687 ms
2026-02-17 11:39:16.435 +05:30 [INF] HTTP POST /api/LoanTypes responded 200 in 19.7934 ms
2026-02-17 11:39:23.781 +05:30 [INF] HTTP POST /api/LoanTypes responded 200 in 24.2340 ms
2026-02-17 11:39:34.366 +05:30 [INF] HTTP POST /api/LoanTypes responded 200 in 21.6034 ms
2026-02-17 11:39:43.523 +05:30 [INF] HTTP POST /api/LoanTypes responded 200 in 9.0795 ms
2026-02-17 11:39:47.744 +05:30 [INF] HTTP GET /api/LoanTypes responded 200 in 34.4354 ms
2026-02-17 11:40:37.530 +05:30 [INF] HTTP GET /api/LoanDeals responded 200 in 68.9963 ms
2026-02-17 11:43:00.437 +05:30 [ERR] Test error log
2026-02-17 11:44:06.325 +05:30 [ERR] HTTP POST /api/LoanDeals responded 500 in 18307.2098 ms
System.Collections.Generic.KeyNotFoundException: Loan Type Not Found
   at LoanOriginationService.Infrastructure.Repository.LoanDealsRepo.AddLoanDeals(LoanDealsResponseDto dto) in C:\Users\Sakib\source\repos\LoanOriginationService.API\LoanOriginationService.Infrastructure\Repository\LoanDealsRepo.cs:line 31
   at LoanOriginationService.API.Controllers.LoanDealsController.AddLoanDeald(LoanDealsResponseDto dto) in C:\Users\Sakib\source\repos\LoanOriginationService.API\LoanOriginationService.API\Controllers\LoanDealsController.cs:line 38
   at lambda_method2(Closure, Object, Object[])
   at Microsoft.AspNetCore.Mvc.Infrastructure.ActionMethodExecutor.SyncActionResultExecutor.Execute(ActionContext actionContext, IActionResultTypeMapper mapper, ObjectMethodExecutor executor, Object controller, Object[] arguments)
   at Microsoft.AspNetCore.Mvc.Infrastructure.ControllerActionInvoker.InvokeActionMethodAsync()
   at Microsoft.AspNetCore.Mvc.Infrastructure.ControllerActionInvoker.Next(State& next, Scope& scope, Object& state, Boolean& isCompleted)
   at Microsoft.AspNetCore.Mvc.Infrastructure.ControllerActionInvoker.InvokeNextActionFilterAsync()
--- End of stack trace from previous location ---
   at Microsoft.AspNetCore.Mvc.Infrastructure.ControllerActionInvoker.Rethrow(ActionExecutedContextSealed context)
   at Microsoft.AspNetCore.Mvc.Infrastructure.ControllerActionInvoker.Next(State& next, Scope& scope, Object& state, Boolean& isCompleted)
   at Microsoft.AspNetCore.Mvc.Infrastructure.ControllerActionInvoker.InvokeInnerFilterAsync()
--- End of stack trace from previous location ---
   at Microsoft.AspNetCore.Mvc.Infrastructure.ResourceInvoker.<InvokeFilterPipelineAsync>g__Awaited|20_0(ResourceInvoker invoker, Task lastTask, State next, Scope scope, Object state, Boolean isCompleted)
   at Microsoft.AspNetCore.Mvc.Infrastructure.ResourceInvoker.<InvokeAsync>g__Awaited|17_0(ResourceInvoker invoker, Task task, IDisposable scope)
   at Microsoft.AspNetCore.Mvc.Infrastructure.ResourceInvoker.<InvokeAsync>g__Awaited|17_0(ResourceInvoker invoker, Task task, IDisposable scope)
   at Serilog.AspNetCore.RequestLoggingMiddleware.Invoke(HttpContext httpContext)
2026-02-17 11:44:06.509 +05:30 [ERR] An unhandled exception has occurred while executing the request.
System.Collections.Generic.KeyNotFoundException: Loan Type Not Found
   at LoanOriginationService.Infrastructure.Repository.LoanDealsRepo.AddLoanDeals(LoanDealsResponseDto dto) in C:\Users\Sakib\source\repos\LoanOriginationService.API\LoanOriginationService.Infrastructure\Repository\LoanDealsRepo.cs:line 31
   at LoanOriginationService.API.Controllers.LoanDealsController.AddLoanDeald(LoanDealsResponseDto dto) in C:\Users\Sakib\source\repos\LoanOriginationService.API\LoanOriginationService.API\Controllers\LoanDealsController.cs:line 38
   at lambda_method2(Closure, Object, Object[])
   at Microsoft.AspNetCore.Mvc.Infrastructure.ActionMethodExecutor.SyncActionResultExecutor.Execute(ActionContext actionContext, IActionResultTypeMapper mapper, ObjectMethodExecutor executor, Object controller, Object[] arguments)
   at Microsoft.AspNetCore.Mvc.Infrastructure.ControllerActionInvoker.InvokeActionMethodAsync()
   at Microsoft.AspNetCore.Mvc.Infrastructure.ControllerActionInvoker.Next(State& next, Scope& scope, Object& state, Boolean& isCompleted)
   at Microsoft.AspNetCore.Mvc.Infrastructure.ControllerActionInvoker.InvokeNextActionFilterAsync()
--- End of stack trace from previous location ---
   at Microsoft.AspNetCore.Mvc.Infrastructure.ControllerActionInvoker.Rethrow(ActionExecutedContextSealed context)
   at Microsoft.AspNetCore.Mvc.Infrastructure.ControllerActionInvoker.Next(State& next, Scope& scope, Object& state, Boolean& isCompleted)
   at Microsoft.AspNetCore.Mvc.Infrastructure.ControllerActionInvoker.InvokeInnerFilterAsync()
--- End of stack trace from previous location ---
   at Microsoft.AspNetCore.Mvc.Infrastructure.ResourceInvoker.<InvokeFilterPipelineAsync>g__Awaited|20_0(ResourceInvoker invoker, Task lastTask, State next, Scope scope, Object state, Boolean isCompleted)
   at Microsoft.AspNetCore.Mvc.Infrastructure.ResourceInvoker.<InvokeAsync>g__Awaited|17_0(ResourceInvoker invoker, Task task, IDisposable scope)
   at Microsoft.AspNetCore.Mvc.Infrastructure.ResourceInvoker.<InvokeAsync>g__Awaited|17_0(ResourceInvoker invoker, Task task, IDisposable scope)
   at Serilog.AspNetCore.RequestLoggingMiddleware.Invoke(HttpContext httpContext)
   at Microsoft.AspNetCore.Authorization.AuthorizationMiddleware.Invoke(HttpContext context)
   at Swashbuckle.AspNetCore.SwaggerUI.SwaggerUIMiddleware.Invoke(HttpContext httpContext)
   at Swashbuckle.AspNetCore.Swagger.SwaggerMiddleware.Invoke(HttpContext httpContext, ISwaggerProvider swaggerProvider)
   at Microsoft.AspNetCore.Authentication.AuthenticationMiddleware.Invoke(HttpContext context)
   at Microsoft.AspNetCore.Diagnostics.DeveloperExceptionPageMiddlewareImpl.Invoke(HttpContext context)
2026-02-17 11:44:26.014 +05:30 [INF] HTTP POST /api/LoanDeals responded 200 in 658.1849 ms
2026-02-17 11:44:33.249 +05:30 [INF] HTTP GET /api/LoanDeals responded 200 in 285.0881 ms
2026-02-17 13:44:07.961 +05:30 [ERR] Test error log
2026-02-17 13:44:34.653 +05:30 [ERR] Test error log
2026-02-17 13:44:36.567 +05:30 [ERR] Failed executing DbCommand (161ms) [Parameters=[], CommandType='"Text"', CommandTimeout='30']
DECLARE @var0 sysname;
SELECT @var0 = [d].[name]
FROM [sys].[default_constraints] [d]
INNER JOIN [sys].[columns] [c] ON [d].[parent_column_id] = [c].[column_id] AND [d].[parent_object_id] = [c].[object_id]
WHERE ([d].[parent_object_id] = OBJECT_ID(N'[LoanDeals]') AND [c].[name] = N'currentStatus');
IF @var0 IS NOT NULL EXEC(N'ALTER TABLE [LoanDeals] DROP CONSTRAINT [' + @var0 + '];');
ALTER TABLE [LoanDeals] ALTER COLUMN [currentStatus] int NOT NULL;
2026-02-17 13:47:47.031 +05:30 [ERR] Test error log
2026-02-17 13:48:02.263 +05:30 [ERR] Test error log
2026-02-17 13:48:30.119 +05:30 [ERR] Test error log
2026-02-17 13:48:59.529 +05:30 [INF] HTTP POST /api/LoanTypes responded 200 in 3078.5427 ms
2026-02-17 13:49:06.972 +05:30 [INF] HTTP POST /api/LoanTypes responded 200 in 134.8343 ms
2026-02-17 13:49:14.426 +05:30 [INF] HTTP POST /api/LoanTypes responded 200 in 51.8386 ms
2026-02-17 13:49:23.222 +05:30 [INF] HTTP POST /api/LoanTypes responded 200 in 12.9591 ms
2026-02-17 13:49:28.555 +05:30 [INF] HTTP POST /api/LoanTypes responded 200 in 13.2944 ms
2026-02-17 13:49:32.795 +05:30 [INF] HTTP GET /api/LoanTypes responded 200 in 613.4676 ms
2026-02-17 13:49:47.834 +05:30 [INF] HTTP POST /api/LoanTypes responded 200 in 19.4310 ms
2026-02-17 13:49:53.246 +05:30 [INF] HTTP GET /api/LoanTypes responded 200 in 31.2788 ms
2026-02-17 13:52:26.940 +05:30 [INF] HTTP GET /api/LoanDeals responded 200 in 61.5550 ms
2026-02-17 13:55:48.931 +05:30 [ERR] An exception occurred in the database while saving changes for context type 'LoanOriginationService.Infrastructure.Data.ApplicationDbContext'.
Microsoft.EntityFrameworkCore.DbUpdateException: An error occurred while saving the entity changes. See the inner exception for details.
 ---> Microsoft.Data.SqlClient.SqlException (0x80131904): The INSERT statement conflicted with the FOREIGN KEY constraint "FK_LoanDeals_LoanTypes_loanTypesloanTypeId". The conflict occurred in database "LoanOriginationDB", table "dbo.LoanTypes", column 'loanTypeId'.
   at Microsoft.Data.SqlClient.SqlConnection.OnError(SqlException exception, Boolean breakConnection, Action`1 wrapCloseInAction)
   at Microsoft.Data.SqlClient.SqlInternalConnection.OnError(SqlException exception, Boolean breakConnection, Action`1 wrapCloseInAction)
   at Microsoft.Data.SqlClient.TdsParser.ThrowExceptionAndWarning(TdsParserStateObject stateObj, Boolean callerHasConnectionLock, Boolean asyncClose)
   at Microsoft.Data.SqlClient.TdsParser.TryRun(RunBehavior runBehavior, SqlCommand cmdHandler, SqlDataReader dataStream, BulkCopySimpleResultSet bulkCopyHandler, TdsParserStateObject stateObj, Boolean& dataReady)
   at Microsoft.Data.SqlClient.SqlDataReader.TryHasMoreRows(Boolean& moreRows)
   at Microsoft.Data.SqlClient.SqlDataReader.TryReadInternal(Boolean setTimeout, Boolean& more)
   at Microsoft.Data.SqlClient.SqlDataReader.Read()
   at Microsoft.EntityFrameworkCore.Storage.RelationalDataReader.Read()
   at Microsoft.EntityFrameworkCore.Update.AffectedCountModificationCommandBatch.ConsumeResultSet(Int32 startCommandIndex, RelationalDataReader reader)
ClientConnectionId:28bc9455-d80c-45ca-b9f2-e60124cab367
Error Number:547,State:0,Class:16
   --- End of inner exception stack trace ---
   at Microsoft.EntityFrameworkCore.Update.AffectedCountModificationCommandBatch.ConsumeResultSet(Int32 startCommandIndex, RelationalDataReader reader)
   at Microsoft.EntityFrameworkCore.Update.AffectedCountModificationCommandBatch.Consume(RelationalDataReader reader)
   at Microsoft.EntityFrameworkCore.Update.ReaderModificationCommandBatch.Execute(IRelationalConnection connection)
   at Microsoft.EntityFrameworkCore.SqlServer.Update.Internal.SqlServerModificationCommandBatch.Execute(IRelationalConnection connection)
   at Microsoft.EntityFrameworkCore.Update.Internal.BatchExecutor.Execute(IEnumerable`1 commandBatches, IRelationalConnection connection)
   at Microsoft.EntityFrameworkCore.Storage.RelationalDatabase.SaveChanges(IList`1 entries)
   at Microsoft.EntityFrameworkCore.ChangeTracking.Internal.StateManager.SaveChanges(IList`1 entriesToSave)
   at Microsoft.EntityFrameworkCore.ChangeTracking.Internal.StateManager.SaveChanges(StateManager stateManager, Boolean acceptAllChangesOnSuccess)
   at Microsoft.EntityFrameworkCore.ChangeTracking.Internal.StateManager.<>c.<SaveChanges>b__112_0(DbContext _, ValueTuple`2 t)
   at Microsoft.EntityFrameworkCore.SqlServer.Storage.Internal.SqlServerExecutionStrategy.Execute[TState,TResult](TState state, Func`3 operation, Func`3 verifySucceeded)
   at Microsoft.EntityFrameworkCore.ChangeTracking.Internal.StateManager.SaveChanges(Boolean acceptAllChangesOnSuccess)
   at Microsoft.EntityFrameworkCore.DbContext.SaveChanges(Boolean acceptAllChangesOnSuccess)
Microsoft.EntityFrameworkCore.DbUpdateException: An error occurred while saving the entity changes. See the inner exception for details.
 ---> Microsoft.Data.SqlClient.SqlException (0x80131904): The INSERT statement conflicted with the FOREIGN KEY constraint "FK_LoanDeals_LoanTypes_loanTypesloanTypeId". The conflict occurred in database "LoanOriginationDB", table "dbo.LoanTypes", column 'loanTypeId'.
   at Microsoft.Data.SqlClient.SqlConnection.OnError(SqlException exception, Boolean breakConnection, Action`1 wrapCloseInAction)
   at Microsoft.Data.SqlClient.SqlInternalConnection.OnError(SqlException exception, Boolean breakConnection, Action`1 wrapCloseInAction)
   at Microsoft.Data.SqlClient.TdsParser.ThrowExceptionAndWarning(TdsParserStateObject stateObj, Boolean callerHasConnectionLock, Boolean asyncClose)
   at Microsoft.Data.SqlClient.TdsParser.TryRun(RunBehavior runBehavior, SqlCommand cmdHandler, SqlDataReader dataStream, BulkCopySimpleResultSet bulkCopyHandler, TdsParserStateObject stateObj, Boolean& dataReady)
   at Microsoft.Data.SqlClient.SqlDataReader.TryHasMoreRows(Boolean& moreRows)
   at Microsoft.Data.SqlClient.SqlDataReader.TryReadInternal(Boolean setTimeout, Boolean& more)
   at Microsoft.Data.SqlClient.SqlDataReader.Read()
   at Microsoft.EntityFrameworkCore.Storage.RelationalDataReader.Read()
   at Microsoft.EntityFrameworkCore.Update.AffectedCountModificationCommandBatch.ConsumeResultSet(Int32 startCommandIndex, RelationalDataReader reader)
ClientConnectionId:28bc9455-d80c-45ca-b9f2-e60124cab367
Error Number:547,State:0,Class:16
   --- End of inner exception stack trace ---
   at Microsoft.EntityFrameworkCore.Update.AffectedCountModificationCommandBatch.ConsumeResultSet(Int32 startCommandIndex, RelationalDataReader reader)
   at Microsoft.EntityFrameworkCore.Update.AffectedCountModificationCommandBatch.Consume(RelationalDataReader reader)
   at Microsoft.EntityFrameworkCore.Update.ReaderModificationCommandBatch.Execute(IRelationalConnection connection)
   at Microsoft.EntityFrameworkCore.SqlServer.Update.Internal.SqlServerModificationCommandBatch.Execute(IRelationalConnection connection)
   at Microsoft.EntityFrameworkCore.Update.Internal.BatchExecutor.Execute(IEnumerable`1 commandBatches, IRelationalConnection connection)
   at Microsoft.EntityFrameworkCore.Storage.RelationalDatabase.SaveChanges(IList`1 entries)
   at Microsoft.EntityFrameworkCore.ChangeTracking.Internal.StateManager.SaveChanges(IList`1 entriesToSave)
   at Microsoft.EntityFrameworkCore.ChangeTracking.Internal.StateManager.SaveChanges(StateManager stateManager, Boolean acceptAllChangesOnSuccess)
   at Microsoft.EntityFrameworkCore.ChangeTracking.Internal.StateManager.<>c.<SaveChanges>b__112_0(DbContext _, ValueTuple`2 t)
   at Microsoft.EntityFrameworkCore.SqlServer.Storage.Internal.SqlServerExecutionStrategy.Execute[TState,TResult](TState state, Func`3 operation, Func`3 verifySucceeded)
   at Microsoft.EntityFrameworkCore.ChangeTracking.Internal.StateManager.SaveChanges(Boolean acceptAllChangesOnSuccess)
   at Microsoft.EntityFrameworkCore.DbContext.SaveChanges(Boolean acceptAllChangesOnSuccess)
2026-02-17 14:16:51.321 +05:30 [ERR] HTTP POST /api/LoanDeals responded 500 in 1262792.4457 ms
Microsoft.EntityFrameworkCore.DbUpdateException: An error occurred while saving the entity changes. See the inner exception for details.
 ---> Microsoft.Data.SqlClient.SqlException (0x80131904): The INSERT statement conflicted with the FOREIGN KEY constraint "FK_LoanDeals_LoanTypes_loanTypesloanTypeId". The conflict occurred in database "LoanOriginationDB", table "dbo.LoanTypes", column 'loanTypeId'.
   at Microsoft.Data.SqlClient.SqlConnection.OnError(SqlException exception, Boolean breakConnection, Action`1 wrapCloseInAction)
   at Microsoft.Data.SqlClient.SqlInternalConnection.OnError(SqlException exception, Boolean breakConnection, Action`1 wrapCloseInAction)
   at Microsoft.Data.SqlClient.TdsParser.ThrowExceptionAndWarning(TdsParserStateObject stateObj, Boolean callerHasConnectionLock, Boolean asyncClose)
   at Microsoft.Data.SqlClient.TdsParser.TryRun(RunBehavior runBehavior, SqlCommand cmdHandler, SqlDataReader dataStream, BulkCopySimpleResultSet bulkCopyHandler, TdsParserStateObject stateObj, Boolean& dataReady)
   at Microsoft.Data.SqlClient.SqlDataReader.TryHasMoreRows(Boolean& moreRows)
   at Microsoft.Data.SqlClient.SqlDataReader.TryReadInternal(Boolean setTimeout, Boolean& more)
   at Microsoft.Data.SqlClient.SqlDataReader.Read()
   at Microsoft.EntityFrameworkCore.Storage.RelationalDataReader.Read()
   at Microsoft.EntityFrameworkCore.Update.AffectedCountModificationCommandBatch.ConsumeResultSet(Int32 startCommandIndex, RelationalDataReader reader)
ClientConnectionId:28bc9455-d80c-45ca-b9f2-e60124cab367
Error Number:547,State:0,Class:16
   --- End of inner exception stack trace ---
   at Microsoft.EntityFrameworkCore.Update.AffectedCountModificationCommandBatch.ConsumeResultSet(Int32 startCommandIndex, RelationalDataReader reader)
   at Microsoft.EntityFrameworkCore.Update.AffectedCountModificationCommandBatch.Consume(RelationalDataReader reader)
   at Microsoft.EntityFrameworkCore.Update.ReaderModificationCommandBatch.Execute(IRelationalConnection connection)
   at Microsoft.EntityFrameworkCore.SqlServer.Update.Internal.SqlServerModificationCommandBatch.Execute(IRelationalConnection connection)
   at Microsoft.EntityFrameworkCore.Update.Internal.BatchExecutor.Execute(IEnumerable`1 commandBatches, IRelationalConnection connection)
   at Microsoft.EntityFrameworkCore.Storage.RelationalDatabase.SaveChanges(IList`1 entries)
   at Microsoft.EntityFrameworkCore.ChangeTracking.Internal.StateManager.SaveChanges(IList`1 entriesToSave)
   at Microsoft.EntityFrameworkCore.ChangeTracking.Internal.StateManager.SaveChanges(StateManager stateManager, Boolean acceptAllChangesOnSuccess)
   at Microsoft.EntityFrameworkCore.ChangeTracking.Internal.StateManager.<>c.<SaveChanges>b__112_0(DbContext _, ValueTuple`2 t)
   at Microsoft.EntityFrameworkCore.SqlServer.Storage.Internal.SqlServerExecutionStrategy.Execute[TState,TResult](TState state, Func`3 operation, Func`3 verifySucceeded)
   at Microsoft.EntityFrameworkCore.ChangeTracking.Internal.StateManager.SaveChanges(Boolean acceptAllChangesOnSuccess)
   at Microsoft.EntityFrameworkCore.DbContext.SaveChanges(Boolean acceptAllChangesOnSuccess)
   at Microsoft.EntityFrameworkCore.DbContext.SaveChanges()
   at LoanOriginationService.Infrastructure.Repository.LoanDealsRepo.AddLoanDeals(LoanDealsResponseDto dto) in C:\Users\Sakib\source\repos\LoanOriginationService.API\LoanOriginationService.Infrastructure\Repository\LoanDealsRepo.cs:line 36
   at LoanOriginationService.API.Controllers.LoanDealsController.AddLoanDeald(LoanDealsResponseDto dto) in C:\Users\Sakib\source\repos\LoanOriginationService.API\LoanOriginationService.API\Controllers\LoanDealsController.cs:line 38
   at lambda_method115(Closure, Object, Object[])
   at Microsoft.AspNetCore.Mvc.Infrastructure.ActionMethodExecutor.SyncActionResultExecutor.Execute(ActionContext actionContext, IActionResultTypeMapper mapper, ObjectMethodExecutor executor, Object controller, Object[] arguments)
   at Microsoft.AspNetCore.Mvc.Infrastructure.ControllerActionInvoker.InvokeActionMethodAsync()
   at Microsoft.AspNetCore.Mvc.Infrastructure.ControllerActionInvoker.Next(State& next, Scope& scope, Object& state, Boolean& isCompleted)
   at Microsoft.AspNetCore.Mvc.Infrastructure.ControllerActionInvoker.InvokeNextActionFilterAsync()
--- End of stack trace from previous location ---
   at Microsoft.AspNetCore.Mvc.Infrastructure.ControllerActionInvoker.Rethrow(ActionExecutedContextSealed context)
   at Microsoft.AspNetCore.Mvc.Infrastructure.ControllerActionInvoker.Next(State& next, Scope& scope, Object& state, Boolean& isCompleted)
   at Microsoft.AspNetCore.Mvc.Infrastructure.ControllerActionInvoker.InvokeInnerFilterAsync()
--- End of stack trace from previous location ---
   at Microsoft.AspNetCore.Mvc.Infrastructure.ResourceInvoker.<InvokeFilterPipelineAsync>g__Awaited|20_0(ResourceInvoker invoker, Task lastTask, State next, Scope scope, Object state, Boolean isCompleted)
   at Microsoft.AspNetCore.Mvc.Infrastructure.ResourceInvoker.<InvokeAsync>g__Awaited|17_0(ResourceInvoker invoker, Task task, IDisposable scope)
   at Microsoft.AspNetCore.Mvc.Infrastructure.ResourceInvoker.<InvokeAsync>g__Awaited|17_0(ResourceInvoker invoker, Task task, IDisposable scope)
   at Serilog.AspNetCore.RequestLoggingMiddleware.Invoke(HttpContext httpContext)
2026-02-17 14:17:04.191 +05:30 [ERR] An exception occurred in the database while saving changes for context type 'LoanOriginationService.Infrastructure.Data.ApplicationDbContext'.
Microsoft.EntityFrameworkCore.DbUpdateException: An error occurred while saving the entity changes. See the inner exception for details.
 ---> Microsoft.Data.SqlClient.SqlException (0x80131904): The INSERT statement conflicted with the FOREIGN KEY constraint "FK_LoanDeals_LoanTypes_loanTypesloanTypeId". The conflict occurred in database "LoanOriginationDB", table "dbo.LoanTypes", column 'loanTypeId'.
   at Microsoft.Data.SqlClient.SqlConnection.OnError(SqlException exception, Boolean breakConnection, Action`1 wrapCloseInAction)
   at Microsoft.Data.SqlClient.SqlInternalConnection.OnError(SqlException exception, Boolean breakConnection, Action`1 wrapCloseInAction)
   at Microsoft.Data.SqlClient.TdsParser.ThrowExceptionAndWarning(TdsParserStateObject stateObj, Boolean callerHasConnectionLock, Boolean asyncClose)
   at Microsoft.Data.SqlClient.TdsParser.TryRun(RunBehavior runBehavior, SqlCommand cmdHandler, SqlDataReader dataStream, BulkCopySimpleResultSet bulkCopyHandler, TdsParserStateObject stateObj, Boolean& dataReady)
   at Microsoft.Data.SqlClient.SqlDataReader.TryHasMoreRows(Boolean& moreRows)
   at Microsoft.Data.SqlClient.SqlDataReader.TryReadInternal(Boolean setTimeout, Boolean& more)
   at Microsoft.Data.SqlClient.SqlDataReader.Read()
   at Microsoft.EntityFrameworkCore.Storage.RelationalDataReader.Read()
   at Microsoft.EntityFrameworkCore.Update.AffectedCountModificationCommandBatch.ConsumeResultSet(Int32 startCommandIndex, RelationalDataReader reader)
ClientConnectionId:74e28030-9e57-437f-a948-9c240f726b0a
Error Number:547,State:0,Class:16
   --- End of inner exception stack trace ---
   at Microsoft.EntityFrameworkCore.Update.AffectedCountModificationCommandBatch.ConsumeResultSet(Int32 startCommandIndex, RelationalDataReader reader)
   at Microsoft.EntityFrameworkCore.Update.AffectedCountModificationCommandBatch.Consume(RelationalDataReader reader)
   at Microsoft.EntityFrameworkCore.Update.ReaderModificationCommandBatch.Execute(IRelationalConnection connection)
   at Microsoft.EntityFrameworkCore.SqlServer.Update.Internal.SqlServerModificationCommandBatch.Execute(IRelationalConnection connection)
   at Microsoft.EntityFrameworkCore.Update.Internal.BatchExecutor.Execute(IEnumerable`1 commandBatches, IRelationalConnection connection)
   at Microsoft.EntityFrameworkCore.Storage.RelationalDatabase.SaveChanges(IList`1 entries)
   at Microsoft.EntityFrameworkCore.ChangeTracking.Internal.StateManager.SaveChanges(IList`1 entriesToSave)
   at Microsoft.EntityFrameworkCore.ChangeTracking.Internal.StateManager.SaveChanges(StateManager stateManager, Boolean acceptAllChangesOnSuccess)
   at Microsoft.EntityFrameworkCore.ChangeTracking.Internal.StateManager.<>c.<SaveChanges>b__112_0(DbContext _, ValueTuple`2 t)
   at Microsoft.EntityFrameworkCore.SqlServer.Storage.Internal.SqlServerExecutionStrategy.Execute[TState,TResult](TState state, Func`3 operation, Func`3 verifySucceeded)
   at Microsoft.EntityFrameworkCore.ChangeTracking.Internal.StateManager.SaveChanges(Boolean acceptAllChangesOnSuccess)
   at Microsoft.EntityFrameworkCore.DbContext.SaveChanges(Boolean acceptAllChangesOnSuccess)
Microsoft.EntityFrameworkCore.DbUpdateException: An error occurred while saving the entity changes. See the inner exception for details.
 ---> Microsoft.Data.SqlClient.SqlException (0x80131904): The INSERT statement conflicted with the FOREIGN KEY constraint "FK_LoanDeals_LoanTypes_loanTypesloanTypeId". The conflict occurred in database "LoanOriginationDB", table "dbo.LoanTypes", column 'loanTypeId'.
   at Microsoft.Data.SqlClient.SqlConnection.OnError(SqlException exception, Boolean breakConnection, Action`1 wrapCloseInAction)
   at Microsoft.Data.SqlClient.SqlInternalConnection.OnError(SqlException exception, Boolean breakConnection, Action`1 wrapCloseInAction)
   at Microsoft.Data.SqlClient.TdsParser.ThrowExceptionAndWarning(TdsParserStateObject stateObj, Boolean callerHasConnectionLock, Boolean asyncClose)
   at Microsoft.Data.SqlClient.TdsParser.TryRun(RunBehavior runBehavior, SqlCommand cmdHandler, SqlDataReader dataStream, BulkCopySimpleResultSet bulkCopyHandler, TdsParserStateObject stateObj, Boolean& dataReady)
   at Microsoft.Data.SqlClient.SqlDataReader.TryHasMoreRows(Boolean& moreRows)
   at Microsoft.Data.SqlClient.SqlDataReader.TryReadInternal(Boolean setTimeout, Boolean& more)
   at Microsoft.Data.SqlClient.SqlDataReader.Read()
   at Microsoft.EntityFrameworkCore.Storage.RelationalDataReader.Read()
   at Microsoft.EntityFrameworkCore.Update.AffectedCountModificationCommandBatch.ConsumeResultSet(Int32 startCommandIndex, RelationalDataReader reader)
ClientConnectionId:74e28030-9e57-437f-a948-9c240f726b0a
Error Number:547,State:0,Class:16
   --- End of inner exception stack trace ---
   at Microsoft.EntityFrameworkCore.Update.AffectedCountModificationCommandBatch.ConsumeResultSet(Int32 startCommandIndex, RelationalDataReader reader)
   at Microsoft.EntityFrameworkCore.Update.AffectedCountModificationCommandBatch.Consume(RelationalDataReader reader)
   at Microsoft.EntityFrameworkCore.Update.ReaderModificationCommandBatch.Execute(IRelationalConnection connection)
   at Microsoft.EntityFrameworkCore.SqlServer.Update.Internal.SqlServerModificationCommandBatch.Execute(IRelationalConnection connection)
   at Microsoft.EntityFrameworkCore.Update.Internal.BatchExecutor.Execute(IEnumerable`1 commandBatches, IRelationalConnection connection)
   at Microsoft.EntityFrameworkCore.Storage.RelationalDatabase.SaveChanges(IList`1 entries)
   at Microsoft.EntityFrameworkCore.ChangeTracking.Internal.StateManager.SaveChanges(IList`1 entriesToSave)
   at Microsoft.EntityFrameworkCore.ChangeTracking.Internal.StateManager.SaveChanges(StateManager stateManager, Boolean acceptAllChangesOnSuccess)
   at Microsoft.EntityFrameworkCore.ChangeTracking.Internal.StateManager.<>c.<SaveChanges>b__112_0(DbContext _, ValueTuple`2 t)
   at Microsoft.EntityFrameworkCore.SqlServer.Storage.Internal.SqlServerExecutionStrategy.Execute[TState,TResult](TState state, Func`3 operation, Func`3 verifySucceeded)
   at Microsoft.EntityFrameworkCore.ChangeTracking.Internal.StateManager.SaveChanges(Boolean acceptAllChangesOnSuccess)
   at Microsoft.EntityFrameworkCore.DbContext.SaveChanges(Boolean acceptAllChangesOnSuccess)
2026-02-17 14:17:06.908 +05:30 [ERR] HTTP POST /api/LoanDeals responded 500 in 15521.0387 ms
Microsoft.EntityFrameworkCore.DbUpdateException: An error occurred while saving the entity changes. See the inner exception for details.
 ---> Microsoft.Data.SqlClient.SqlException (0x80131904): The INSERT statement conflicted with the FOREIGN KEY constraint "FK_LoanDeals_LoanTypes_loanTypesloanTypeId". The conflict occurred in database "LoanOriginationDB", table "dbo.LoanTypes", column 'loanTypeId'.
   at Microsoft.Data.SqlClient.SqlConnection.OnError(SqlException exception, Boolean breakConnection, Action`1 wrapCloseInAction)
   at Microsoft.Data.SqlClient.SqlInternalConnection.OnError(SqlException exception, Boolean breakConnection, Action`1 wrapCloseInAction)
   at Microsoft.Data.SqlClient.TdsParser.ThrowExceptionAndWarning(TdsParserStateObject stateObj, Boolean callerHasConnectionLock, Boolean asyncClose)
   at Microsoft.Data.SqlClient.TdsParser.TryRun(RunBehavior runBehavior, SqlCommand cmdHandler, SqlDataReader dataStream, BulkCopySimpleResultSet bulkCopyHandler, TdsParserStateObject stateObj, Boolean& dataReady)
   at Microsoft.Data.SqlClient.SqlDataReader.TryHasMoreRows(Boolean& moreRows)
   at Microsoft.Data.SqlClient.SqlDataReader.TryReadInternal(Boolean setTimeout, Boolean& more)
   at Microsoft.Data.SqlClient.SqlDataReader.Read()
   at Microsoft.EntityFrameworkCore.Storage.RelationalDataReader.Read()
   at Microsoft.EntityFrameworkCore.Update.AffectedCountModificationCommandBatch.ConsumeResultSet(Int32 startCommandIndex, RelationalDataReader reader)
ClientConnectionId:74e28030-9e57-437f-a948-9c240f726b0a
Error Number:547,State:0,Class:16
   --- End of inner exception stack trace ---
   at Microsoft.EntityFrameworkCore.Update.AffectedCountModificationCommandBatch.ConsumeResultSet(Int32 startCommandIndex, RelationalDataReader reader)
   at Microsoft.EntityFrameworkCore.Update.AffectedCountModificationCommandBatch.Consume(RelationalDataReader reader)
   at Microsoft.EntityFrameworkCore.Update.ReaderModificationCommandBatch.Execute(IRelationalConnection connection)
   at Microsoft.EntityFrameworkCore.SqlServer.Update.Internal.SqlServerModificationCommandBatch.Execute(IRelationalConnection connection)
   at Microsoft.EntityFrameworkCore.Update.Internal.BatchExecutor.Execute(IEnumerable`1 commandBatches, IRelationalConnection connection)
   at Microsoft.EntityFrameworkCore.Storage.RelationalDatabase.SaveChanges(IList`1 entries)
   at Microsoft.EntityFrameworkCore.ChangeTracking.Internal.StateManager.SaveChanges(IList`1 entriesToSave)
   at Microsoft.EntityFrameworkCore.ChangeTracking.Internal.StateManager.SaveChanges(StateManager stateManager, Boolean acceptAllChangesOnSuccess)
   at Microsoft.EntityFrameworkCore.ChangeTracking.Internal.StateManager.<>c.<SaveChanges>b__112_0(DbContext _, ValueTuple`2 t)
   at Microsoft.EntityFrameworkCore.SqlServer.Storage.Internal.SqlServerExecutionStrategy.Execute[TState,TResult](TState state, Func`3 operation, Func`3 verifySucceeded)
   at Microsoft.EntityFrameworkCore.ChangeTracking.Internal.StateManager.SaveChanges(Boolean acceptAllChangesOnSuccess)
   at Microsoft.EntityFrameworkCore.DbContext.SaveChanges(Boolean acceptAllChangesOnSuccess)
   at Microsoft.EntityFrameworkCore.DbContext.SaveChanges()
   at LoanOriginationService.Infrastructure.Repository.LoanDealsRepo.AddLoanDeals(LoanDealsResponseDto dto) in C:\Users\Sakib\source\repos\LoanOriginationService.API\LoanOriginationService.Infrastructure\Repository\LoanDealsRepo.cs:line 36
   at LoanOriginationService.API.Controllers.LoanDealsController.AddLoanDeald(LoanDealsResponseDto dto) in C:\Users\Sakib\source\repos\LoanOriginationService.API\LoanOriginationService.API\Controllers\LoanDealsController.cs:line 38
   at lambda_method115(Closure, Object, Object[])
   at Microsoft.AspNetCore.Mvc.Infrastructure.ActionMethodExecutor.SyncActionResultExecutor.Execute(ActionContext actionContext, IActionResultTypeMapper mapper, ObjectMethodExecutor executor, Object controller, Object[] arguments)
   at Microsoft.AspNetCore.Mvc.Infrastructure.ControllerActionInvoker.InvokeActionMethodAsync()
   at Microsoft.AspNetCore.Mvc.Infrastructure.ControllerActionInvoker.Next(State& next, Scope& scope, Object& state, Boolean& isCompleted)
   at Microsoft.AspNetCore.Mvc.Infrastructure.ControllerActionInvoker.InvokeNextActionFilterAsync()
--- End of stack trace from previous location ---
   at Microsoft.AspNetCore.Mvc.Infrastructure.ControllerActionInvoker.Rethrow(ActionExecutedContextSealed context)
   at Microsoft.AspNetCore.Mvc.Infrastructure.ControllerActionInvoker.Next(State& next, Scope& scope, Object& state, Boolean& isCompleted)
   at Microsoft.AspNetCore.Mvc.Infrastructure.ControllerActionInvoker.InvokeInnerFilterAsync()
--- End of stack trace from previous location ---
   at Microsoft.AspNetCore.Mvc.Infrastructure.ResourceInvoker.<InvokeFilterPipelineAsync>g__Awaited|20_0(ResourceInvoker invoker, Task lastTask, State next, Scope scope, Object state, Boolean isCompleted)
   at Microsoft.AspNetCore.Mvc.Infrastructure.ResourceInvoker.<InvokeAsync>g__Awaited|17_0(ResourceInvoker invoker, Task task, IDisposable scope)
   at Microsoft.AspNetCore.Mvc.Infrastructure.ResourceInvoker.<InvokeAsync>g__Awaited|17_0(ResourceInvoker invoker, Task task, IDisposable scope)
   at Serilog.AspNetCore.RequestLoggingMiddleware.Invoke(HttpContext httpContext)
2026-02-17 14:17:06.932 +05:30 [ERR] An unhandled exception has occurred while executing the request.
Microsoft.EntityFrameworkCore.DbUpdateException: An error occurred while saving the entity changes. See the inner exception for details.
 ---> Microsoft.Data.SqlClient.SqlException (0x80131904): The INSERT statement conflicted with the FOREIGN KEY constraint "FK_LoanDeals_LoanTypes_loanTypesloanTypeId". The conflict occurred in database "LoanOriginationDB", table "dbo.LoanTypes", column 'loanTypeId'.
   at Microsoft.Data.SqlClient.SqlConnection.OnError(SqlException exception, Boolean breakConnection, Action`1 wrapCloseInAction)
   at Microsoft.Data.SqlClient.SqlInternalConnection.OnError(SqlException exception, Boolean breakConnection, Action`1 wrapCloseInAction)
   at Microsoft.Data.SqlClient.TdsParser.ThrowExceptionAndWarning(TdsParserStateObject stateObj, Boolean callerHasConnectionLock, Boolean asyncClose)
   at Microsoft.Data.SqlClient.TdsParser.TryRun(RunBehavior runBehavior, SqlCommand cmdHandler, SqlDataReader dataStream, BulkCopySimpleResultSet bulkCopyHandler, TdsParserStateObject stateObj, Boolean& dataReady)
   at Microsoft.Data.SqlClient.SqlDataReader.TryHasMoreRows(Boolean& moreRows)
   at Microsoft.Data.SqlClient.SqlDataReader.TryReadInternal(Boolean setTimeout, Boolean& more)
   at Microsoft.Data.SqlClient.SqlDataReader.Read()
   at Microsoft.EntityFrameworkCore.Storage.RelationalDataReader.Read()
   at Microsoft.EntityFrameworkCore.Update.AffectedCountModificationCommandBatch.ConsumeResultSet(Int32 startCommandIndex, RelationalDataReader reader)
ClientConnectionId:28bc9455-d80c-45ca-b9f2-e60124cab367
Error Number:547,State:0,Class:16
   --- End of inner exception stack trace ---
   at Microsoft.EntityFrameworkCore.Update.AffectedCountModificationCommandBatch.ConsumeResultSet(Int32 startCommandIndex, RelationalDataReader reader)
   at Microsoft.EntityFrameworkCore.Update.AffectedCountModificationCommandBatch.Consume(RelationalDataReader reader)
   at Microsoft.EntityFrameworkCore.Update.ReaderModificationCommandBatch.Execute(IRelationalConnection connection)
   at Microsoft.EntityFrameworkCore.SqlServer.Update.Internal.SqlServerModificationCommandBatch.Execute(IRelationalConnection connection)
   at Microsoft.EntityFrameworkCore.Update.Internal.BatchExecutor.Execute(IEnumerable`1 commandBatches, IRelationalConnection connection)
   at Microsoft.EntityFrameworkCore.Storage.RelationalDatabase.SaveChanges(IList`1 entries)
   at Microsoft.EntityFrameworkCore.ChangeTracking.Internal.StateManager.SaveChanges(IList`1 entriesToSave)
   at Microsoft.EntityFrameworkCore.ChangeTracking.Internal.StateManager.SaveChanges(StateManager stateManager, Boolean acceptAllChangesOnSuccess)
   at Microsoft.EntityFrameworkCore.ChangeTracking.Internal.StateManager.<>c.<SaveChanges>b__112_0(DbContext _, ValueTuple`2 t)
   at Microsoft.EntityFrameworkCore.SqlServer.Storage.Internal.SqlServerExecutionStrategy.Execute[TState,TResult](TState state, Func`3 operation, Func`3 verifySucceeded)
   at Microsoft.EntityFrameworkCore.ChangeTracking.Internal.StateManager.SaveChanges(Boolean acceptAllChangesOnSuccess)
   at Microsoft.EntityFrameworkCore.DbContext.SaveChanges(Boolean acceptAllChangesOnSuccess)
   at Microsoft.EntityFrameworkCore.DbContext.SaveChanges()
   at LoanOriginationService.Infrastructure.Repository.LoanDealsRepo.AddLoanDeals(LoanDealsResponseDto dto) in C:\Users\Sakib\source\repos\LoanOriginationService.API\LoanOriginationService.Infrastructure\Repository\LoanDealsRepo.cs:line 36
   at LoanOriginationService.API.Controllers.LoanDealsController.AddLoanDeald(LoanDealsResponseDto dto) in C:\Users\Sakib\source\repos\LoanOriginationService.API\LoanOriginationService.API\Controllers\LoanDealsController.cs:line 38
   at lambda_method115(Closure, Object, Object[])
   at Microsoft.AspNetCore.Mvc.Infrastructure.ActionMethodExecutor.SyncActionResultExecutor.Execute(ActionContext actionContext, IActionResultTypeMapper mapper, ObjectMethodExecutor executor, Object controller, Object[] arguments)
   at Microsoft.AspNetCore.Mvc.Infrastructure.ControllerActionInvoker.InvokeActionMethodAsync()
   at Microsoft.AspNetCore.Mvc.Infrastructure.ControllerActionInvoker.Next(State& next, Scope& scope, Object& state, Boolean& isCompleted)
   at Microsoft.AspNetCore.Mvc.Infrastructure.ControllerActionInvoker.InvokeNextActionFilterAsync()
--- End of stack trace from previous location ---
   at Microsoft.AspNetCore.Mvc.Infrastructure.ControllerActionInvoker.Rethrow(ActionExecutedContextSealed context)
   at Microsoft.AspNetCore.Mvc.Infrastructure.ControllerActionInvoker.Next(State& next, Scope& scope, Object& state, Boolean& isCompleted)
   at Microsoft.AspNetCore.Mvc.Infrastructure.ControllerActionInvoker.InvokeInnerFilterAsync()
--- End of stack trace from previous location ---
   at Microsoft.AspNetCore.Mvc.Infrastructure.ResourceInvoker.<InvokeFilterPipelineAsync>g__Awaited|20_0(ResourceInvoker invoker, Task lastTask, State next, Scope scope, Object state, Boolean isCompleted)
   at Microsoft.AspNetCore.Mvc.Infrastructure.ResourceInvoker.<InvokeAsync>g__Awaited|17_0(ResourceInvoker invoker, Task task, IDisposable scope)
   at Microsoft.AspNetCore.Mvc.Infrastructure.ResourceInvoker.<InvokeAsync>g__Awaited|17_0(ResourceInvoker invoker, Task task, IDisposable scope)
   at Serilog.AspNetCore.RequestLoggingMiddleware.Invoke(HttpContext httpContext)
   at Microsoft.AspNetCore.Authorization.AuthorizationMiddleware.Invoke(HttpContext context)
   at Swashbuckle.AspNetCore.SwaggerUI.SwaggerUIMiddleware.Invoke(HttpContext httpContext)
   at Swashbuckle.AspNetCore.Swagger.SwaggerMiddleware.Invoke(HttpContext httpContext, ISwaggerProvider swaggerProvider)
   at Microsoft.AspNetCore.Authentication.AuthenticationMiddleware.Invoke(HttpContext context)
   at Microsoft.AspNetCore.Diagnostics.DeveloperExceptionPageMiddlewareImpl.Invoke(HttpContext context)
2026-02-17 14:17:06.934 +05:30 [ERR] An unhandled exception has occurred while executing the request.
Microsoft.EntityFrameworkCore.DbUpdateException: An error occurred while saving the entity changes. See the inner exception for details.
 ---> Microsoft.Data.SqlClient.SqlException (0x80131904): The INSERT statement conflicted with the FOREIGN KEY constraint "FK_LoanDeals_LoanTypes_loanTypesloanTypeId". The conflict occurred in database "LoanOriginationDB", table "dbo.LoanTypes", column 'loanTypeId'.
   at Microsoft.Data.SqlClient.SqlConnection.OnError(SqlException exception, Boolean breakConnection, Action`1 wrapCloseInAction)
   at Microsoft.Data.SqlClient.SqlInternalConnection.OnError(SqlException exception, Boolean breakConnection, Action`1 wrapCloseInAction)
   at Microsoft.Data.SqlClient.TdsParser.ThrowExceptionAndWarning(TdsParserStateObject stateObj, Boolean callerHasConnectionLock, Boolean asyncClose)
   at Microsoft.Data.SqlClient.TdsParser.TryRun(RunBehavior runBehavior, SqlCommand cmdHandler, SqlDataReader dataStream, BulkCopySimpleResultSet bulkCopyHandler, TdsParserStateObject stateObj, Boolean& dataReady)
   at Microsoft.Data.SqlClient.SqlDataReader.TryHasMoreRows(Boolean& moreRows)
   at Microsoft.Data.SqlClient.SqlDataReader.TryReadInternal(Boolean setTimeout, Boolean& more)
   at Microsoft.Data.SqlClient.SqlDataReader.Read()
   at Microsoft.EntityFrameworkCore.Storage.RelationalDataReader.Read()
   at Microsoft.EntityFrameworkCore.Update.AffectedCountModificationCommandBatch.ConsumeResultSet(Int32 startCommandIndex, RelationalDataReader reader)
ClientConnectionId:74e28030-9e57-437f-a948-9c240f726b0a
Error Number:547,State:0,Class:16
   --- End of inner exception stack trace ---
   at Microsoft.EntityFrameworkCore.Update.AffectedCountModificationCommandBatch.ConsumeResultSet(Int32 startCommandIndex, RelationalDataReader reader)
   at Microsoft.EntityFrameworkCore.Update.AffectedCountModificationCommandBatch.Consume(RelationalDataReader reader)
   at Microsoft.EntityFrameworkCore.Update.ReaderModificationCommandBatch.Execute(IRelationalConnection connection)
   at Microsoft.EntityFrameworkCore.SqlServer.Update.Internal.SqlServerModificationCommandBatch.Execute(IRelationalConnection connection)
   at Microsoft.EntityFrameworkCore.Update.Internal.BatchExecutor.Execute(IEnumerable`1 commandBatches, IRelationalConnection connection)
   at Microsoft.EntityFrameworkCore.Storage.RelationalDatabase.SaveChanges(IList`1 entries)
   at Microsoft.EntityFrameworkCore.ChangeTracking.Internal.StateManager.SaveChanges(IList`1 entriesToSave)
   at Microsoft.EntityFrameworkCore.ChangeTracking.Internal.StateManager.SaveChanges(StateManager stateManager, Boolean acceptAllChangesOnSuccess)
   at Microsoft.EntityFrameworkCore.ChangeTracking.Internal.StateManager.<>c.<SaveChanges>b__112_0(DbContext _, ValueTuple`2 t)
   at Microsoft.EntityFrameworkCore.SqlServer.Storage.Internal.SqlServerExecutionStrategy.Execute[TState,TResult](TState state, Func`3 operation, Func`3 verifySucceeded)
   at Microsoft.EntityFrameworkCore.ChangeTracking.Internal.StateManager.SaveChanges(Boolean acceptAllChangesOnSuccess)
   at Microsoft.EntityFrameworkCore.DbContext.SaveChanges(Boolean acceptAllChangesOnSuccess)
   at Microsoft.EntityFrameworkCore.DbContext.SaveChanges()
   at LoanOriginationService.Infrastructure.Repository.LoanDealsRepo.AddLoanDeals(LoanDealsResponseDto dto) in C:\Users\Sakib\source\repos\LoanOriginationService.API\LoanOriginationService.Infrastructure\Repository\LoanDealsRepo.cs:line 36
   at LoanOriginationService.API.Controllers.LoanDealsController.AddLoanDeald(LoanDealsResponseDto dto) in C:\Users\Sakib\source\repos\LoanOriginationService.API\LoanOriginationService.API\Controllers\LoanDealsController.cs:line 38
   at lambda_method115(Closure, Object, Object[])
   at Microsoft.AspNetCore.Mvc.Infrastructure.ActionMethodExecutor.SyncActionResultExecutor.Execute(ActionContext actionContext, IActionResultTypeMapper mapper, ObjectMethodExecutor executor, Object controller, Object[] arguments)
   at Microsoft.AspNetCore.Mvc.Infrastructure.ControllerActionInvoker.InvokeActionMethodAsync()
   at Microsoft.AspNetCore.Mvc.Infrastructure.ControllerActionInvoker.Next(State& next, Scope& scope, Object& state, Boolean& isCompleted)
   at Microsoft.AspNetCore.Mvc.Infrastructure.ControllerActionInvoker.InvokeNextActionFilterAsync()
--- End of stack trace from previous location ---
   at Microsoft.AspNetCore.Mvc.Infrastructure.ControllerActionInvoker.Rethrow(ActionExecutedContextSealed context)
   at Microsoft.AspNetCore.Mvc.Infrastructure.ControllerActionInvoker.Next(State& next, Scope& scope, Object& state, Boolean& isCompleted)
   at Microsoft.AspNetCore.Mvc.Infrastructure.ControllerActionInvoker.InvokeInnerFilterAsync()
--- End of stack trace from previous location ---
   at Microsoft.AspNetCore.Mvc.Infrastructure.ResourceInvoker.<InvokeFilterPipelineAsync>g__Awaited|20_0(ResourceInvoker invoker, Task lastTask, State next, Scope scope, Object state, Boolean isCompleted)
   at Microsoft.AspNetCore.Mvc.Infrastructure.ResourceInvoker.<InvokeAsync>g__Awaited|17_0(ResourceInvoker invoker, Task task, IDisposable scope)
   at Microsoft.AspNetCore.Mvc.Infrastructure.ResourceInvoker.<InvokeAsync>g__Awaited|17_0(ResourceInvoker invoker, Task task, IDisposable scope)
   at Serilog.AspNetCore.RequestLoggingMiddleware.Invoke(HttpContext httpContext)
   at Microsoft.AspNetCore.Authorization.AuthorizationMiddleware.Invoke(HttpContext context)
   at Swashbuckle.AspNetCore.SwaggerUI.SwaggerUIMiddleware.Invoke(HttpContext httpContext)
   at Swashbuckle.AspNetCore.Swagger.SwaggerMiddleware.Invoke(HttpContext httpContext, ISwaggerProvider swaggerProvider)
   at Microsoft.AspNetCore.Authentication.AuthenticationMiddleware.Invoke(HttpContext context)
   at Microsoft.AspNetCore.Diagnostics.DeveloperExceptionPageMiddlewareImpl.Invoke(HttpContext context)
2026-02-17 14:18:15.113 +05:30 [ERR] An exception occurred in the database while saving changes for context type 'LoanOriginationService.Infrastructure.Data.ApplicationDbContext'.
Microsoft.EntityFrameworkCore.DbUpdateException: An error occurred while saving the entity changes. See the inner exception for details.
 ---> Microsoft.Data.SqlClient.SqlException (0x80131904): The INSERT statement conflicted with the FOREIGN KEY constraint "FK_LoanDeals_LoanTypes_loanTypesloanTypeId". The conflict occurred in database "LoanOriginationDB", table "dbo.LoanTypes", column 'loanTypeId'.
   at Microsoft.Data.SqlClient.SqlConnection.OnError(SqlException exception, Boolean breakConnection, Action`1 wrapCloseInAction)
   at Microsoft.Data.SqlClient.SqlInternalConnection.OnError(SqlException exception, Boolean breakConnection, Action`1 wrapCloseInAction)
   at Microsoft.Data.SqlClient.TdsParser.ThrowExceptionAndWarning(TdsParserStateObject stateObj, Boolean callerHasConnectionLock, Boolean asyncClose)
   at Microsoft.Data.SqlClient.TdsParser.TryRun(RunBehavior runBehavior, SqlCommand cmdHandler, SqlDataReader dataStream, BulkCopySimpleResultSet bulkCopyHandler, TdsParserStateObject stateObj, Boolean& dataReady)
   at Microsoft.Data.SqlClient.SqlDataReader.TryHasMoreRows(Boolean& moreRows)
   at Microsoft.Data.SqlClient.SqlDataReader.TryReadInternal(Boolean setTimeout, Boolean& more)
   at Microsoft.Data.SqlClient.SqlDataReader.Read()
   at Microsoft.EntityFrameworkCore.Storage.RelationalDataReader.Read()
   at Microsoft.EntityFrameworkCore.Update.AffectedCountModificationCommandBatch.ConsumeResultSet(Int32 startCommandIndex, RelationalDataReader reader)
ClientConnectionId:74e28030-9e57-437f-a948-9c240f726b0a
Error Number:547,State:0,Class:16
   --- End of inner exception stack trace ---
   at Microsoft.EntityFrameworkCore.Update.AffectedCountModificationCommandBatch.ConsumeResultSet(Int32 startCommandIndex, RelationalDataReader reader)
   at Microsoft.EntityFrameworkCore.Update.AffectedCountModificationCommandBatch.Consume(RelationalDataReader reader)
   at Microsoft.EntityFrameworkCore.Update.ReaderModificationCommandBatch.Execute(IRelationalConnection connection)
   at Microsoft.EntityFrameworkCore.SqlServer.Update.Internal.SqlServerModificationCommandBatch.Execute(IRelationalConnection connection)
   at Microsoft.EntityFrameworkCore.Update.Internal.BatchExecutor.Execute(IEnumerable`1 commandBatches, IRelationalConnection connection)
   at Microsoft.EntityFrameworkCore.Storage.RelationalDatabase.SaveChanges(IList`1 entries)
   at Microsoft.EntityFrameworkCore.ChangeTracking.Internal.StateManager.SaveChanges(IList`1 entriesToSave)
   at Microsoft.EntityFrameworkCore.ChangeTracking.Internal.StateManager.SaveChanges(StateManager stateManager, Boolean acceptAllChangesOnSuccess)
   at Microsoft.EntityFrameworkCore.ChangeTracking.Internal.StateManager.<>c.<SaveChanges>b__112_0(DbContext _, ValueTuple`2 t)
   at Microsoft.EntityFrameworkCore.SqlServer.Storage.Internal.SqlServerExecutionStrategy.Execute[TState,TResult](TState state, Func`3 operation, Func`3 verifySucceeded)
   at Microsoft.EntityFrameworkCore.ChangeTracking.Internal.StateManager.SaveChanges(Boolean acceptAllChangesOnSuccess)
   at Microsoft.EntityFrameworkCore.DbContext.SaveChanges(Boolean acceptAllChangesOnSuccess)
Microsoft.EntityFrameworkCore.DbUpdateException: An error occurred while saving the entity changes. See the inner exception for details.
 ---> Microsoft.Data.SqlClient.SqlException (0x80131904): The INSERT statement conflicted with the FOREIGN KEY constraint "FK_LoanDeals_LoanTypes_loanTypesloanTypeId". The conflict occurred in database "LoanOriginationDB", table "dbo.LoanTypes", column 'loanTypeId'.
   at Microsoft.Data.SqlClient.SqlConnection.OnError(SqlException exception, Boolean breakConnection, Action`1 wrapCloseInAction)
   at Microsoft.Data.SqlClient.SqlInternalConnection.OnError(SqlException exception, Boolean breakConnection, Action`1 wrapCloseInAction)
   at Microsoft.Data.SqlClient.TdsParser.ThrowExceptionAndWarning(TdsParserStateObject stateObj, Boolean callerHasConnectionLock, Boolean asyncClose)
   at Microsoft.Data.SqlClient.TdsParser.TryRun(RunBehavior runBehavior, SqlCommand cmdHandler, SqlDataReader dataStream, BulkCopySimpleResultSet bulkCopyHandler, TdsParserStateObject stateObj, Boolean& dataReady)
   at Microsoft.Data.SqlClient.SqlDataReader.TryHasMoreRows(Boolean& moreRows)
   at Microsoft.Data.SqlClient.SqlDataReader.TryReadInternal(Boolean setTimeout, Boolean& more)
   at Microsoft.Data.SqlClient.SqlDataReader.Read()
   at Microsoft.EntityFrameworkCore.Storage.RelationalDataReader.Read()
   at Microsoft.EntityFrameworkCore.Update.AffectedCountModificationCommandBatch.ConsumeResultSet(Int32 startCommandIndex, RelationalDataReader reader)
ClientConnectionId:74e28030-9e57-437f-a948-9c240f726b0a
Error Number:547,State:0,Class:16
   --- End of inner exception stack trace ---
   at Microsoft.EntityFrameworkCore.Update.AffectedCountModificationCommandBatch.ConsumeResultSet(Int32 startCommandIndex, RelationalDataReader reader)
   at Microsoft.EntityFrameworkCore.Update.AffectedCountModificationCommandBatch.Consume(RelationalDataReader reader)
   at Microsoft.EntityFrameworkCore.Update.ReaderModificationCommandBatch.Execute(IRelationalConnection connection)
   at Microsoft.EntityFrameworkCore.SqlServer.Update.Internal.SqlServerModificationCommandBatch.Execute(IRelationalConnection connection)
   at Microsoft.EntityFrameworkCore.Update.Internal.BatchExecutor.Execute(IEnumerable`1 commandBatches, IRelationalConnection connection)
   at Microsoft.EntityFrameworkCore.Storage.RelationalDatabase.SaveChanges(IList`1 entries)
   at Microsoft.EntityFrameworkCore.ChangeTracking.Internal.StateManager.SaveChanges(IList`1 entriesToSave)
   at Microsoft.EntityFrameworkCore.ChangeTracking.Internal.StateManager.SaveChanges(StateManager stateManager, Boolean acceptAllChangesOnSuccess)
   at Microsoft.EntityFrameworkCore.ChangeTracking.Internal.StateManager.<>c.<SaveChanges>b__112_0(DbContext _, ValueTuple`2 t)
   at Microsoft.EntityFrameworkCore.SqlServer.Storage.Internal.SqlServerExecutionStrategy.Execute[TState,TResult](TState state, Func`3 operation, Func`3 verifySucceeded)
   at Microsoft.EntityFrameworkCore.ChangeTracking.Internal.StateManager.SaveChanges(Boolean acceptAllChangesOnSuccess)
   at Microsoft.EntityFrameworkCore.DbContext.SaveChanges(Boolean acceptAllChangesOnSuccess)
2026-02-17 14:18:16.955 +05:30 [ERR] HTTP POST /api/LoanDeals responded 500 in 59208.7074 ms
Microsoft.EntityFrameworkCore.DbUpdateException: An error occurred while saving the entity changes. See the inner exception for details.
 ---> Microsoft.Data.SqlClient.SqlException (0x80131904): The INSERT statement conflicted with the FOREIGN KEY constraint "FK_LoanDeals_LoanTypes_loanTypesloanTypeId". The conflict occurred in database "LoanOriginationDB", table "dbo.LoanTypes", column 'loanTypeId'.
   at Microsoft.Data.SqlClient.SqlConnection.OnError(SqlException exception, Boolean breakConnection, Action`1 wrapCloseInAction)
   at Microsoft.Data.SqlClient.SqlInternalConnection.OnError(SqlException exception, Boolean breakConnection, Action`1 wrapCloseInAction)
   at Microsoft.Data.SqlClient.TdsParser.ThrowExceptionAndWarning(TdsParserStateObject stateObj, Boolean callerHasConnectionLock, Boolean asyncClose)
   at Microsoft.Data.SqlClient.TdsParser.TryRun(RunBehavior runBehavior, SqlCommand cmdHandler, SqlDataReader dataStream, BulkCopySimpleResultSet bulkCopyHandler, TdsParserStateObject stateObj, Boolean& dataReady)
   at Microsoft.Data.SqlClient.SqlDataReader.TryHasMoreRows(Boolean& moreRows)
   at Microsoft.Data.SqlClient.SqlDataReader.TryReadInternal(Boolean setTimeout, Boolean& more)
   at Microsoft.Data.SqlClient.SqlDataReader.Read()
   at Microsoft.EntityFrameworkCore.Storage.RelationalDataReader.Read()
   at Microsoft.EntityFrameworkCore.Update.AffectedCountModificationCommandBatch.ConsumeResultSet(Int32 startCommandIndex, RelationalDataReader reader)
ClientConnectionId:74e28030-9e57-437f-a948-9c240f726b0a
Error Number:547,State:0,Class:16
   --- End of inner exception stack trace ---
   at Microsoft.EntityFrameworkCore.Update.AffectedCountModificationCommandBatch.ConsumeResultSet(Int32 startCommandIndex, RelationalDataReader reader)
   at Microsoft.EntityFrameworkCore.Update.AffectedCountModificationCommandBatch.Consume(RelationalDataReader reader)
   at Microsoft.EntityFrameworkCore.Update.ReaderModificationCommandBatch.Execute(IRelationalConnection connection)
   at Microsoft.EntityFrameworkCore.SqlServer.Update.Internal.SqlServerModificationCommandBatch.Execute(IRelationalConnection connection)
   at Microsoft.EntityFrameworkCore.Update.Internal.BatchExecutor.Execute(IEnumerable`1 commandBatches, IRelationalConnection connection)
   at Microsoft.EntityFrameworkCore.Storage.RelationalDatabase.SaveChanges(IList`1 entries)
   at Microsoft.EntityFrameworkCore.ChangeTracking.Internal.StateManager.SaveChanges(IList`1 entriesToSave)
   at Microsoft.EntityFrameworkCore.ChangeTracking.Internal.StateManager.SaveChanges(StateManager stateManager, Boolean acceptAllChangesOnSuccess)
   at Microsoft.EntityFrameworkCore.ChangeTracking.Internal.StateManager.<>c.<SaveChanges>b__112_0(DbContext _, ValueTuple`2 t)
   at Microsoft.EntityFrameworkCore.SqlServer.Storage.Internal.SqlServerExecutionStrategy.Execute[TState,TResult](TState state, Func`3 operation, Func`3 verifySucceeded)
   at Microsoft.EntityFrameworkCore.ChangeTracking.Internal.StateManager.SaveChanges(Boolean acceptAllChangesOnSuccess)
   at Microsoft.EntityFrameworkCore.DbContext.SaveChanges(Boolean acceptAllChangesOnSuccess)
   at Microsoft.EntityFrameworkCore.DbContext.SaveChanges()
   at LoanOriginationService.Infrastructure.Repository.LoanDealsRepo.AddLoanDeals(LoanDealsResponseDto dto) in C:\Users\Sakib\source\repos\LoanOriginationService.API\LoanOriginationService.Infrastructure\Repository\LoanDealsRepo.cs:line 36
   at LoanOriginationService.API.Controllers.LoanDealsController.AddLoanDeald(LoanDealsResponseDto dto) in C:\Users\Sakib\source\repos\LoanOriginationService.API\LoanOriginationService.API\Controllers\LoanDealsController.cs:line 38
   at lambda_method115(Closure, Object, Object[])
   at Microsoft.AspNetCore.Mvc.Infrastructure.ActionMethodExecutor.SyncActionResultExecutor.Execute(ActionContext actionContext, IActionResultTypeMapper mapper, ObjectMethodExecutor executor, Object controller, Object[] arguments)
   at Microsoft.AspNetCore.Mvc.Infrastructure.ControllerActionInvoker.InvokeActionMethodAsync()
   at Microsoft.AspNetCore.Mvc.Infrastructure.ControllerActionInvoker.Next(State& next, Scope& scope, Object& state, Boolean& isCompleted)
   at Microsoft.AspNetCore.Mvc.Infrastructure.ControllerActionInvoker.InvokeNextActionFilterAsync()
--- End of stack trace from previous location ---
   at Microsoft.AspNetCore.Mvc.Infrastructure.ControllerActionInvoker.Rethrow(ActionExecutedContextSealed context)
   at Microsoft.AspNetCore.Mvc.Infrastructure.ControllerActionInvoker.Next(State& next, Scope& scope, Object& state, Boolean& isCompleted)
   at Microsoft.AspNetCore.Mvc.Infrastructure.ControllerActionInvoker.InvokeInnerFilterAsync()
--- End of stack trace from previous location ---
   at Microsoft.AspNetCore.Mvc.Infrastructure.ResourceInvoker.<InvokeFilterPipelineAsync>g__Awaited|20_0(ResourceInvoker invoker, Task lastTask, State next, Scope scope, Object state, Boolean isCompleted)
   at Microsoft.AspNetCore.Mvc.Infrastructure.ResourceInvoker.<InvokeAsync>g__Awaited|17_0(ResourceInvoker invoker, Task task, IDisposable scope)
   at Microsoft.AspNetCore.Mvc.Infrastructure.ResourceInvoker.<InvokeAsync>g__Awaited|17_0(ResourceInvoker invoker, Task task, IDisposable scope)
   at Serilog.AspNetCore.RequestLoggingMiddleware.Invoke(HttpContext httpContext)
2026-02-17 14:18:16.984 +05:30 [ERR] An unhandled exception has occurred while executing the request.
Microsoft.EntityFrameworkCore.DbUpdateException: An error occurred while saving the entity changes. See the inner exception for details.
 ---> Microsoft.Data.SqlClient.SqlException (0x80131904): The INSERT statement conflicted with the FOREIGN KEY constraint "FK_LoanDeals_LoanTypes_loanTypesloanTypeId". The conflict occurred in database "LoanOriginationDB", table "dbo.LoanTypes", column 'loanTypeId'.
   at Microsoft.Data.SqlClient.SqlConnection.OnError(SqlException exception, Boolean breakConnection, Action`1 wrapCloseInAction)
   at Microsoft.Data.SqlClient.SqlInternalConnection.OnError(SqlException exception, Boolean breakConnection, Action`1 wrapCloseInAction)
   at Microsoft.Data.SqlClient.TdsParser.ThrowExceptionAndWarning(TdsParserStateObject stateObj, Boolean callerHasConnectionLock, Boolean asyncClose)
   at Microsoft.Data.SqlClient.TdsParser.TryRun(RunBehavior runBehavior, SqlCommand cmdHandler, SqlDataReader dataStream, BulkCopySimpleResultSet bulkCopyHandler, TdsParserStateObject stateObj, Boolean& dataReady)
   at Microsoft.Data.SqlClient.SqlDataReader.TryHasMoreRows(Boolean& moreRows)
   at Microsoft.Data.SqlClient.SqlDataReader.TryReadInternal(Boolean setTimeout, Boolean& more)
   at Microsoft.Data.SqlClient.SqlDataReader.Read()
   at Microsoft.EntityFrameworkCore.Storage.RelationalDataReader.Read()
   at Microsoft.EntityFrameworkCore.Update.AffectedCountModificationCommandBatch.ConsumeResultSet(Int32 startCommandIndex, RelationalDataReader reader)
ClientConnectionId:74e28030-9e57-437f-a948-9c240f726b0a
Error Number:547,State:0,Class:16
   --- End of inner exception stack trace ---
   at Microsoft.EntityFrameworkCore.Update.AffectedCountModificationCommandBatch.ConsumeResultSet(Int32 startCommandIndex, RelationalDataReader reader)
   at Microsoft.EntityFrameworkCore.Update.AffectedCountModificationCommandBatch.Consume(RelationalDataReader reader)
   at Microsoft.EntityFrameworkCore.Update.ReaderModificationCommandBatch.Execute(IRelationalConnection connection)
   at Microsoft.EntityFrameworkCore.SqlServer.Update.Internal.SqlServerModificationCommandBatch.Execute(IRelationalConnection connection)
   at Microsoft.EntityFrameworkCore.Update.Internal.BatchExecutor.Execute(IEnumerable`1 commandBatches, IRelationalConnection connection)
   at Microsoft.EntityFrameworkCore.Storage.RelationalDatabase.SaveChanges(IList`1 entries)
   at Microsoft.EntityFrameworkCore.ChangeTracking.Internal.StateManager.SaveChanges(IList`1 entriesToSave)
   at Microsoft.EntityFrameworkCore.ChangeTracking.Internal.StateManager.SaveChanges(StateManager stateManager, Boolean acceptAllChangesOnSuccess)
   at Microsoft.EntityFrameworkCore.ChangeTracking.Internal.StateManager.<>c.<SaveChanges>b__112_0(DbContext _, ValueTuple`2 t)
   at Microsoft.EntityFrameworkCore.SqlServer.Storage.Internal.SqlServerExecutionStrategy.Execute[TState,TResult](TState state, Func`3 operation, Func`3 verifySucceeded)
   at Microsoft.EntityFrameworkCore.ChangeTracking.Internal.StateManager.SaveChanges(Boolean acceptAllChangesOnSuccess)
   at Microsoft.EntityFrameworkCore.DbContext.SaveChanges(Boolean acceptAllChangesOnSuccess)
   at Microsoft.EntityFrameworkCore.DbContext.SaveChanges()
   at LoanOriginationService.Infrastructure.Repository.LoanDealsRepo.AddLoanDeals(LoanDealsResponseDto dto) in C:\Users\Sakib\source\repos\LoanOriginationService.API\LoanOriginationService.Infrastructure\Repository\LoanDealsRepo.cs:line 36
   at LoanOriginationService.API.Controllers.LoanDealsController.AddLoanDeald(LoanDealsResponseDto dto) in C:\Users\Sakib\source\repos\LoanOriginationService.API\LoanOriginationService.API\Controllers\LoanDealsController.cs:line 38
   at lambda_method115(Closure, Object, Object[])
   at Microsoft.AspNetCore.Mvc.Infrastructure.ActionMethodExecutor.SyncActionResultExecutor.Execute(ActionContext actionContext, IActionResultTypeMapper mapper, ObjectMethodExecutor executor, Object controller, Object[] arguments)
   at Microsoft.AspNetCore.Mvc.Infrastructure.ControllerActionInvoker.InvokeActionMethodAsync()
   at Microsoft.AspNetCore.Mvc.Infrastructure.ControllerActionInvoker.Next(State& next, Scope& scope, Object& state, Boolean& isCompleted)
   at Microsoft.AspNetCore.Mvc.Infrastructure.ControllerActionInvoker.InvokeNextActionFilterAsync()
--- End of stack trace from previous location ---
   at Microsoft.AspNetCore.Mvc.Infrastructure.ControllerActionInvoker.Rethrow(ActionExecutedContextSealed context)
   at Microsoft.AspNetCore.Mvc.Infrastructure.ControllerActionInvoker.Next(State& next, Scope& scope, Object& state, Boolean& isCompleted)
   at Microsoft.AspNetCore.Mvc.Infrastructure.ControllerActionInvoker.InvokeInnerFilterAsync()
--- End of stack trace from previous location ---
   at Microsoft.AspNetCore.Mvc.Infrastructure.ResourceInvoker.<InvokeFilterPipelineAsync>g__Awaited|20_0(ResourceInvoker invoker, Task lastTask, State next, Scope scope, Object state, Boolean isCompleted)
   at Microsoft.AspNetCore.Mvc.Infrastructure.ResourceInvoker.<InvokeAsync>g__Awaited|17_0(ResourceInvoker invoker, Task task, IDisposable scope)
   at Microsoft.AspNetCore.Mvc.Infrastructure.ResourceInvoker.<InvokeAsync>g__Awaited|17_0(ResourceInvoker invoker, Task task, IDisposable scope)
   at Serilog.AspNetCore.RequestLoggingMiddleware.Invoke(HttpContext httpContext)
   at Microsoft.AspNetCore.Authorization.AuthorizationMiddleware.Invoke(HttpContext context)
   at Swashbuckle.AspNetCore.SwaggerUI.SwaggerUIMiddleware.Invoke(HttpContext httpContext)
   at Swashbuckle.AspNetCore.Swagger.SwaggerMiddleware.Invoke(HttpContext httpContext, ISwaggerProvider swaggerProvider)
   at Microsoft.AspNetCore.Authentication.AuthenticationMiddleware.Invoke(HttpContext context)
   at Microsoft.AspNetCore.Diagnostics.DeveloperExceptionPageMiddlewareImpl.Invoke(HttpContext context)
2026-02-17 14:18:55.118 +05:30 [ERR] An exception occurred in the database while saving changes for context type 'LoanOriginationService.Infrastructure.Data.ApplicationDbContext'.
Microsoft.EntityFrameworkCore.DbUpdateException: An error occurred while saving the entity changes. See the inner exception for details.
 ---> Microsoft.Data.SqlClient.SqlException (0x80131904): The INSERT statement conflicted with the FOREIGN KEY constraint "FK_LoanDeals_LoanTypes_loanTypesloanTypeId". The conflict occurred in database "LoanOriginationDB", table "dbo.LoanTypes", column 'loanTypeId'.
   at Microsoft.Data.SqlClient.SqlConnection.OnError(SqlException exception, Boolean breakConnection, Action`1 wrapCloseInAction)
   at Microsoft.Data.SqlClient.SqlInternalConnection.OnError(SqlException exception, Boolean breakConnection, Action`1 wrapCloseInAction)
   at Microsoft.Data.SqlClient.TdsParser.ThrowExceptionAndWarning(TdsParserStateObject stateObj, Boolean callerHasConnectionLock, Boolean asyncClose)
   at Microsoft.Data.SqlClient.TdsParser.TryRun(RunBehavior runBehavior, SqlCommand cmdHandler, SqlDataReader dataStream, BulkCopySimpleResultSet bulkCopyHandler, TdsParserStateObject stateObj, Boolean& dataReady)
   at Microsoft.Data.SqlClient.SqlDataReader.TryHasMoreRows(Boolean& moreRows)
   at Microsoft.Data.SqlClient.SqlDataReader.TryReadInternal(Boolean setTimeout, Boolean& more)
   at Microsoft.Data.SqlClient.SqlDataReader.Read()
   at Microsoft.EntityFrameworkCore.Storage.RelationalDataReader.Read()
   at Microsoft.EntityFrameworkCore.Update.AffectedCountModificationCommandBatch.ConsumeResultSet(Int32 startCommandIndex, RelationalDataReader reader)
ClientConnectionId:74e28030-9e57-437f-a948-9c240f726b0a
Error Number:547,State:0,Class:16
   --- End of inner exception stack trace ---
   at Microsoft.EntityFrameworkCore.Update.AffectedCountModificationCommandBatch.ConsumeResultSet(Int32 startCommandIndex, RelationalDataReader reader)
   at Microsoft.EntityFrameworkCore.Update.AffectedCountModificationCommandBatch.Consume(RelationalDataReader reader)
   at Microsoft.EntityFrameworkCore.Update.ReaderModificationCommandBatch.Execute(IRelationalConnection connection)
   at Microsoft.EntityFrameworkCore.SqlServer.Update.Internal.SqlServerModificationCommandBatch.Execute(IRelationalConnection connection)
   at Microsoft.EntityFrameworkCore.Update.Internal.BatchExecutor.Execute(IEnumerable`1 commandBatches, IRelationalConnection connection)
   at Microsoft.EntityFrameworkCore.Storage.RelationalDatabase.SaveChanges(IList`1 entries)
   at Microsoft.EntityFrameworkCore.ChangeTracking.Internal.StateManager.SaveChanges(IList`1 entriesToSave)
   at Microsoft.EntityFrameworkCore.ChangeTracking.Internal.StateManager.SaveChanges(StateManager stateManager, Boolean acceptAllChangesOnSuccess)
   at Microsoft.EntityFrameworkCore.ChangeTracking.Internal.StateManager.<>c.<SaveChanges>b__112_0(DbContext _, ValueTuple`2 t)
   at Microsoft.EntityFrameworkCore.SqlServer.Storage.Internal.SqlServerExecutionStrategy.Execute[TState,TResult](TState state, Func`3 operation, Func`3 verifySucceeded)
   at Microsoft.EntityFrameworkCore.ChangeTracking.Internal.StateManager.SaveChanges(Boolean acceptAllChangesOnSuccess)
   at Microsoft.EntityFrameworkCore.DbContext.SaveChanges(Boolean acceptAllChangesOnSuccess)
Microsoft.EntityFrameworkCore.DbUpdateException: An error occurred while saving the entity changes. See the inner exception for details.
 ---> Microsoft.Data.SqlClient.SqlException (0x80131904): The INSERT statement conflicted with the FOREIGN KEY constraint "FK_LoanDeals_LoanTypes_loanTypesloanTypeId". The conflict occurred in database "LoanOriginationDB", table "dbo.LoanTypes", column 'loanTypeId'.
   at Microsoft.Data.SqlClient.SqlConnection.OnError(SqlException exception, Boolean breakConnection, Action`1 wrapCloseInAction)
   at Microsoft.Data.SqlClient.SqlInternalConnection.OnError(SqlException exception, Boolean breakConnection, Action`1 wrapCloseInAction)
   at Microsoft.Data.SqlClient.TdsParser.ThrowExceptionAndWarning(TdsParserStateObject stateObj, Boolean callerHasConnectionLock, Boolean asyncClose)
   at Microsoft.Data.SqlClient.TdsParser.TryRun(RunBehavior runBehavior, SqlCommand cmdHandler, SqlDataReader dataStream, BulkCopySimpleResultSet bulkCopyHandler, TdsParserStateObject stateObj, Boolean& dataReady)
   at Microsoft.Data.SqlClient.SqlDataReader.TryHasMoreRows(Boolean& moreRows)
   at Microsoft.Data.SqlClient.SqlDataReader.TryReadInternal(Boolean setTimeout, Boolean& more)
   at Microsoft.Data.SqlClient.SqlDataReader.Read()
   at Microsoft.EntityFrameworkCore.Storage.RelationalDataReader.Read()
   at Microsoft.EntityFrameworkCore.Update.AffectedCountModificationCommandBatch.ConsumeResultSet(Int32 startCommandIndex, RelationalDataReader reader)
ClientConnectionId:74e28030-9e57-437f-a948-9c240f726b0a
Error Number:547,State:0,Class:16
   --- End of inner exception stack trace ---
   at Microsoft.EntityFrameworkCore.Update.AffectedCountModificationCommandBatch.ConsumeResultSet(Int32 startCommandIndex, RelationalDataReader reader)
   at Microsoft.EntityFrameworkCore.Update.AffectedCountModificationCommandBatch.Consume(RelationalDataReader reader)
   at Microsoft.EntityFrameworkCore.Update.ReaderModificationCommandBatch.Execute(IRelationalConnection connection)
   at Microsoft.EntityFrameworkCore.SqlServer.Update.Internal.SqlServerModificationCommandBatch.Execute(IRelationalConnection connection)
   at Microsoft.EntityFrameworkCore.Update.Internal.BatchExecutor.Execute(IEnumerable`1 commandBatches, IRelationalConnection connection)
   at Microsoft.EntityFrameworkCore.Storage.RelationalDatabase.SaveChanges(IList`1 entries)
   at Microsoft.EntityFrameworkCore.ChangeTracking.Internal.StateManager.SaveChanges(IList`1 entriesToSave)
   at Microsoft.EntityFrameworkCore.ChangeTracking.Internal.StateManager.SaveChanges(StateManager stateManager, Boolean acceptAllChangesOnSuccess)
   at Microsoft.EntityFrameworkCore.ChangeTracking.Internal.StateManager.<>c.<SaveChanges>b__112_0(DbContext _, ValueTuple`2 t)
   at Microsoft.EntityFrameworkCore.SqlServer.Storage.Internal.SqlServerExecutionStrategy.Execute[TState,TResult](TState state, Func`3 operation, Func`3 verifySucceeded)
   at Microsoft.EntityFrameworkCore.ChangeTracking.Internal.StateManager.SaveChanges(Boolean acceptAllChangesOnSuccess)
   at Microsoft.EntityFrameworkCore.DbContext.SaveChanges(Boolean acceptAllChangesOnSuccess)
2026-02-17 14:27:52.360 +05:30 [ERR] Test error log
2026-02-17 14:38:16.673 +05:30 [ERR] Test error log
2026-02-17 14:39:23.370 +05:30 [ERR] An exception occurred in the database while saving changes for context type 'LoanOriginationService.Infrastructure.Data.ApplicationDbContext'.
Microsoft.EntityFrameworkCore.DbUpdateException: An error occurred while saving the entity changes. See the inner exception for details.
 ---> Microsoft.Data.SqlClient.SqlException (0x80131904): Cannot insert the value NULL into column 'loanTypesloanTypeId', table 'LoanOriginationDB.dbo.LoanDeals'; column does not allow nulls. INSERT fails.
   at Microsoft.Data.SqlClient.SqlConnection.OnError(SqlException exception, Boolean breakConnection, Action`1 wrapCloseInAction)
   at Microsoft.Data.SqlClient.SqlInternalConnection.OnError(SqlException exception, Boolean breakConnection, Action`1 wrapCloseInAction)
   at Microsoft.Data.SqlClient.TdsParser.ThrowExceptionAndWarning(TdsParserStateObject stateObj, Boolean callerHasConnectionLock, Boolean asyncClose)
   at Microsoft.Data.SqlClient.TdsParser.TryRun(RunBehavior runBehavior, SqlCommand cmdHandler, SqlDataReader dataStream, BulkCopySimpleResultSet bulkCopyHandler, TdsParserStateObject stateObj, Boolean& dataReady)
   at Microsoft.Data.SqlClient.SqlDataReader.TryHasMoreRows(Boolean& moreRows)
   at Microsoft.Data.SqlClient.SqlDataReader.TryReadInternal(Boolean setTimeout, Boolean& more)
   at Microsoft.Data.SqlClient.SqlDataReader.Read()
   at Microsoft.EntityFrameworkCore.Storage.RelationalDataReader.Read()
   at Microsoft.EntityFrameworkCore.Update.AffectedCountModificationCommandBatch.ConsumeResultSet(Int32 startCommandIndex, RelationalDataReader reader)
ClientConnectionId:91934032-1c86-4fb4-b1c7-96c49210df92
Error Number:515,State:2,Class:16
   --- End of inner exception stack trace ---
   at Microsoft.EntityFrameworkCore.Update.AffectedCountModificationCommandBatch.ConsumeResultSet(Int32 startCommandIndex, RelationalDataReader reader)
   at Microsoft.EntityFrameworkCore.Update.AffectedCountModificationCommandBatch.Consume(RelationalDataReader reader)
   at Microsoft.EntityFrameworkCore.Update.ReaderModificationCommandBatch.Execute(IRelationalConnection connection)
   at Microsoft.EntityFrameworkCore.SqlServer.Update.Internal.SqlServerModificationCommandBatch.Execute(IRelationalConnection connection)
   at Microsoft.EntityFrameworkCore.Update.Internal.BatchExecutor.Execute(IEnumerable`1 commandBatches, IRelationalConnection connection)
   at Microsoft.EntityFrameworkCore.Storage.RelationalDatabase.SaveChanges(IList`1 entries)
   at Microsoft.EntityFrameworkCore.ChangeTracking.Internal.StateManager.SaveChanges(IList`1 entriesToSave)
   at Microsoft.EntityFrameworkCore.ChangeTracking.Internal.StateManager.SaveChanges(StateManager stateManager, Boolean acceptAllChangesOnSuccess)
   at Microsoft.EntityFrameworkCore.ChangeTracking.Internal.StateManager.<>c.<SaveChanges>b__112_0(DbContext _, ValueTuple`2 t)
   at Microsoft.EntityFrameworkCore.SqlServer.Storage.Internal.SqlServerExecutionStrategy.Execute[TState,TResult](TState state, Func`3 operation, Func`3 verifySucceeded)
   at Microsoft.EntityFrameworkCore.ChangeTracking.Internal.StateManager.SaveChanges(Boolean acceptAllChangesOnSuccess)
   at Microsoft.EntityFrameworkCore.DbContext.SaveChanges(Boolean acceptAllChangesOnSuccess)
Microsoft.EntityFrameworkCore.DbUpdateException: An error occurred while saving the entity changes. See the inner exception for details.
 ---> Microsoft.Data.SqlClient.SqlException (0x80131904): Cannot insert the value NULL into column 'loanTypesloanTypeId', table 'LoanOriginationDB.dbo.LoanDeals'; column does not allow nulls. INSERT fails.
   at Microsoft.Data.SqlClient.SqlConnection.OnError(SqlException exception, Boolean breakConnection, Action`1 wrapCloseInAction)
   at Microsoft.Data.SqlClient.SqlInternalConnection.OnError(SqlException exception, Boolean breakConnection, Action`1 wrapCloseInAction)
   at Microsoft.Data.SqlClient.TdsParser.ThrowExceptionAndWarning(TdsParserStateObject stateObj, Boolean callerHasConnectionLock, Boolean asyncClose)
   at Microsoft.Data.SqlClient.TdsParser.TryRun(RunBehavior runBehavior, SqlCommand cmdHandler, SqlDataReader dataStream, BulkCopySimpleResultSet bulkCopyHandler, TdsParserStateObject stateObj, Boolean& dataReady)
   at Microsoft.Data.SqlClient.SqlDataReader.TryHasMoreRows(Boolean& moreRows)
   at Microsoft.Data.SqlClient.SqlDataReader.TryReadInternal(Boolean setTimeout, Boolean& more)
   at Microsoft.Data.SqlClient.SqlDataReader.Read()
   at Microsoft.EntityFrameworkCore.Storage.RelationalDataReader.Read()
   at Microsoft.EntityFrameworkCore.Update.AffectedCountModificationCommandBatch.ConsumeResultSet(Int32 startCommandIndex, RelationalDataReader reader)
ClientConnectionId:91934032-1c86-4fb4-b1c7-96c49210df92
Error Number:515,State:2,Class:16
   --- End of inner exception stack trace ---
   at Microsoft.EntityFrameworkCore.Update.AffectedCountModificationCommandBatch.ConsumeResultSet(Int32 startCommandIndex, RelationalDataReader reader)
   at Microsoft.EntityFrameworkCore.Update.AffectedCountModificationCommandBatch.Consume(RelationalDataReader reader)
   at Microsoft.EntityFrameworkCore.Update.ReaderModificationCommandBatch.Execute(IRelationalConnection connection)
   at Microsoft.EntityFrameworkCore.SqlServer.Update.Internal.SqlServerModificationCommandBatch.Execute(IRelationalConnection connection)
   at Microsoft.EntityFrameworkCore.Update.Internal.BatchExecutor.Execute(IEnumerable`1 commandBatches, IRelationalConnection connection)
   at Microsoft.EntityFrameworkCore.Storage.RelationalDatabase.SaveChanges(IList`1 entries)
   at Microsoft.EntityFrameworkCore.ChangeTracking.Internal.StateManager.SaveChanges(IList`1 entriesToSave)
   at Microsoft.EntityFrameworkCore.ChangeTracking.Internal.StateManager.SaveChanges(StateManager stateManager, Boolean acceptAllChangesOnSuccess)
   at Microsoft.EntityFrameworkCore.ChangeTracking.Internal.StateManager.<>c.<SaveChanges>b__112_0(DbContext _, ValueTuple`2 t)
   at Microsoft.EntityFrameworkCore.SqlServer.Storage.Internal.SqlServerExecutionStrategy.Execute[TState,TResult](TState state, Func`3 operation, Func`3 verifySucceeded)
   at Microsoft.EntityFrameworkCore.ChangeTracking.Internal.StateManager.SaveChanges(Boolean acceptAllChangesOnSuccess)
   at Microsoft.EntityFrameworkCore.DbContext.SaveChanges(Boolean acceptAllChangesOnSuccess)
2026-02-17 14:54:33.031 +05:30 [ERR] HTTP POST /api/LoanDeals responded 500 in 913064.7307 ms
Microsoft.EntityFrameworkCore.DbUpdateException: An error occurred while saving the entity changes. See the inner exception for details.
 ---> Microsoft.Data.SqlClient.SqlException (0x80131904): Cannot insert the value NULL into column 'loanTypesloanTypeId', table 'LoanOriginationDB.dbo.LoanDeals'; column does not allow nulls. INSERT fails.
   at Microsoft.Data.SqlClient.SqlConnection.OnError(SqlException exception, Boolean breakConnection, Action`1 wrapCloseInAction)
   at Microsoft.Data.SqlClient.SqlInternalConnection.OnError(SqlException exception, Boolean breakConnection, Action`1 wrapCloseInAction)
   at Microsoft.Data.SqlClient.TdsParser.ThrowExceptionAndWarning(TdsParserStateObject stateObj, Boolean callerHasConnectionLock, Boolean asyncClose)
   at Microsoft.Data.SqlClient.TdsParser.TryRun(RunBehavior runBehavior, SqlCommand cmdHandler, SqlDataReader dataStream, BulkCopySimpleResultSet bulkCopyHandler, TdsParserStateObject stateObj, Boolean& dataReady)
   at Microsoft.Data.SqlClient.SqlDataReader.TryHasMoreRows(Boolean& moreRows)
   at Microsoft.Data.SqlClient.SqlDataReader.TryReadInternal(Boolean setTimeout, Boolean& more)
   at Microsoft.Data.SqlClient.SqlDataReader.Read()
   at Microsoft.EntityFrameworkCore.Storage.RelationalDataReader.Read()
   at Microsoft.EntityFrameworkCore.Update.AffectedCountModificationCommandBatch.ConsumeResultSet(Int32 startCommandIndex, RelationalDataReader reader)
ClientConnectionId:91934032-1c86-4fb4-b1c7-96c49210df92
Error Number:515,State:2,Class:16
   --- End of inner exception stack trace ---
   at Microsoft.EntityFrameworkCore.Update.AffectedCountModificationCommandBatch.ConsumeResultSet(Int32 startCommandIndex, RelationalDataReader reader)
   at Microsoft.EntityFrameworkCore.Update.AffectedCountModificationCommandBatch.Consume(RelationalDataReader reader)
   at Microsoft.EntityFrameworkCore.Update.ReaderModificationCommandBatch.Execute(IRelationalConnection connection)
   at Microsoft.EntityFrameworkCore.SqlServer.Update.Internal.SqlServerModificationCommandBatch.Execute(IRelationalConnection connection)
   at Microsoft.EntityFrameworkCore.Update.Internal.BatchExecutor.Execute(IEnumerable`1 commandBatches, IRelationalConnection connection)
   at Microsoft.EntityFrameworkCore.Storage.RelationalDatabase.SaveChanges(IList`1 entries)
   at Microsoft.EntityFrameworkCore.ChangeTracking.Internal.StateManager.SaveChanges(IList`1 entriesToSave)
   at Microsoft.EntityFrameworkCore.ChangeTracking.Internal.StateManager.SaveChanges(StateManager stateManager, Boolean acceptAllChangesOnSuccess)
   at Microsoft.EntityFrameworkCore.ChangeTracking.Internal.StateManager.<>c.<SaveChanges>b__112_0(DbContext _, ValueTuple`2 t)
   at Microsoft.EntityFrameworkCore.SqlServer.Storage.Internal.SqlServerExecutionStrategy.Execute[TState,TResult](TState state, Func`3 operation, Func`3 verifySucceeded)
   at Microsoft.EntityFrameworkCore.ChangeTracking.Internal.StateManager.SaveChanges(Boolean acceptAllChangesOnSuccess)
   at Microsoft.EntityFrameworkCore.DbContext.SaveChanges(Boolean acceptAllChangesOnSuccess)
   at Microsoft.EntityFrameworkCore.DbContext.SaveChanges()
   at LoanOriginationService.Infrastructure.Repository.LoanDealsRepo.AddLoanDeals(LoanDealsResponseDto dto) in C:\Users\Sakib\source\repos\LoanOriginationService.API\LoanOriginationService.Infrastructure\Repository\LoanDealsRepo.cs:line 36
   at LoanOriginationService.API.Controllers.LoanDealsController.AddLoanDeald(LoanDealsResponseDto dto) in C:\Users\Sakib\source\repos\LoanOriginationService.API\LoanOriginationService.API\Controllers\LoanDealsController.cs:line 38
   at lambda_method2(Closure, Object, Object[])
   at Microsoft.AspNetCore.Mvc.Infrastructure.ActionMethodExecutor.SyncActionResultExecutor.Execute(ActionContext actionContext, IActionResultTypeMapper mapper, ObjectMethodExecutor executor, Object controller, Object[] arguments)
   at Microsoft.AspNetCore.Mvc.Infrastructure.ControllerActionInvoker.InvokeActionMethodAsync()
   at Microsoft.AspNetCore.Mvc.Infrastructure.ControllerActionInvoker.Next(State& next, Scope& scope, Object& state, Boolean& isCompleted)
   at Microsoft.AspNetCore.Mvc.Infrastructure.ControllerActionInvoker.InvokeNextActionFilterAsync()
--- End of stack trace from previous location ---
   at Microsoft.AspNetCore.Mvc.Infrastructure.ControllerActionInvoker.Rethrow(ActionExecutedContextSealed context)
   at Microsoft.AspNetCore.Mvc.Infrastructure.ControllerActionInvoker.Next(State& next, Scope& scope, Object& state, Boolean& isCompleted)
   at Microsoft.AspNetCore.Mvc.Infrastructure.ControllerActionInvoker.InvokeInnerFilterAsync()
--- End of stack trace from previous location ---
   at Microsoft.AspNetCore.Mvc.Infrastructure.ResourceInvoker.<InvokeFilterPipelineAsync>g__Awaited|20_0(ResourceInvoker invoker, Task lastTask, State next, Scope scope, Object state, Boolean isCompleted)
   at Microsoft.AspNetCore.Mvc.Infrastructure.ResourceInvoker.<InvokeAsync>g__Awaited|17_0(ResourceInvoker invoker, Task task, IDisposable scope)
   at Microsoft.AspNetCore.Mvc.Infrastructure.ResourceInvoker.<InvokeAsync>g__Awaited|17_0(ResourceInvoker invoker, Task task, IDisposable scope)
   at Serilog.AspNetCore.RequestLoggingMiddleware.Invoke(HttpContext httpContext)
2026-02-17 14:54:33.139 +05:30 [ERR] An unhandled exception has occurred while executing the request.
Microsoft.EntityFrameworkCore.DbUpdateException: An error occurred while saving the entity changes. See the inner exception for details.
 ---> Microsoft.Data.SqlClient.SqlException (0x80131904): Cannot insert the value NULL into column 'loanTypesloanTypeId', table 'LoanOriginationDB.dbo.LoanDeals'; column does not allow nulls. INSERT fails.
   at Microsoft.Data.SqlClient.SqlConnection.OnError(SqlException exception, Boolean breakConnection, Action`1 wrapCloseInAction)
   at Microsoft.Data.SqlClient.SqlInternalConnection.OnError(SqlException exception, Boolean breakConnection, Action`1 wrapCloseInAction)
   at Microsoft.Data.SqlClient.TdsParser.ThrowExceptionAndWarning(TdsParserStateObject stateObj, Boolean callerHasConnectionLock, Boolean asyncClose)
   at Microsoft.Data.SqlClient.TdsParser.TryRun(RunBehavior runBehavior, SqlCommand cmdHandler, SqlDataReader dataStream, BulkCopySimpleResultSet bulkCopyHandler, TdsParserStateObject stateObj, Boolean& dataReady)
   at Microsoft.Data.SqlClient.SqlDataReader.TryHasMoreRows(Boolean& moreRows)
   at Microsoft.Data.SqlClient.SqlDataReader.TryReadInternal(Boolean setTimeout, Boolean& more)
   at Microsoft.Data.SqlClient.SqlDataReader.Read()
   at Microsoft.EntityFrameworkCore.Storage.RelationalDataReader.Read()
   at Microsoft.EntityFrameworkCore.Update.AffectedCountModificationCommandBatch.ConsumeResultSet(Int32 startCommandIndex, RelationalDataReader reader)
ClientConnectionId:91934032-1c86-4fb4-b1c7-96c49210df92
Error Number:515,State:2,Class:16
   --- End of inner exception stack trace ---
   at Microsoft.EntityFrameworkCore.Update.AffectedCountModificationCommandBatch.ConsumeResultSet(Int32 startCommandIndex, RelationalDataReader reader)
   at Microsoft.EntityFrameworkCore.Update.AffectedCountModificationCommandBatch.Consume(RelationalDataReader reader)
   at Microsoft.EntityFrameworkCore.Update.ReaderModificationCommandBatch.Execute(IRelationalConnection connection)
   at Microsoft.EntityFrameworkCore.SqlServer.Update.Internal.SqlServerModificationCommandBatch.Execute(IRelationalConnection connection)
   at Microsoft.EntityFrameworkCore.Update.Internal.BatchExecutor.Execute(IEnumerable`1 commandBatches, IRelationalConnection connection)
   at Microsoft.EntityFrameworkCore.Storage.RelationalDatabase.SaveChanges(IList`1 entries)
   at Microsoft.EntityFrameworkCore.ChangeTracking.Internal.StateManager.SaveChanges(IList`1 entriesToSave)
   at Microsoft.EntityFrameworkCore.ChangeTracking.Internal.StateManager.SaveChanges(StateManager stateManager, Boolean acceptAllChangesOnSuccess)
   at Microsoft.EntityFrameworkCore.ChangeTracking.Internal.StateManager.<>c.<SaveChanges>b__112_0(DbContext _, ValueTuple`2 t)
   at Microsoft.EntityFrameworkCore.SqlServer.Storage.Internal.SqlServerExecutionStrategy.Execute[TState,TResult](TState state, Func`3 operation, Func`3 verifySucceeded)
   at Microsoft.EntityFrameworkCore.ChangeTracking.Internal.StateManager.SaveChanges(Boolean acceptAllChangesOnSuccess)
   at Microsoft.EntityFrameworkCore.DbContext.SaveChanges(Boolean acceptAllChangesOnSuccess)
   at Microsoft.EntityFrameworkCore.DbContext.SaveChanges()
   at LoanOriginationService.Infrastructure.Repository.LoanDealsRepo.AddLoanDeals(LoanDealsResponseDto dto) in C:\Users\Sakib\source\repos\LoanOriginationService.API\LoanOriginationService.Infrastructure\Repository\LoanDealsRepo.cs:line 36
   at LoanOriginationService.API.Controllers.LoanDealsController.AddLoanDeald(LoanDealsResponseDto dto) in C:\Users\Sakib\source\repos\LoanOriginationService.API\LoanOriginationService.API\Controllers\LoanDealsController.cs:line 38
   at lambda_method2(Closure, Object, Object[])
   at Microsoft.AspNetCore.Mvc.Infrastructure.ActionMethodExecutor.SyncActionResultExecutor.Execute(ActionContext actionContext, IActionResultTypeMapper mapper, ObjectMethodExecutor executor, Object controller, Object[] arguments)
   at Microsoft.AspNetCore.Mvc.Infrastructure.ControllerActionInvoker.InvokeActionMethodAsync()
   at Microsoft.AspNetCore.Mvc.Infrastructure.ControllerActionInvoker.Next(State& next, Scope& scope, Object& state, Boolean& isCompleted)
   at Microsoft.AspNetCore.Mvc.Infrastructure.ControllerActionInvoker.InvokeNextActionFilterAsync()
--- End of stack trace from previous location ---
   at Microsoft.AspNetCore.Mvc.Infrastructure.ControllerActionInvoker.Rethrow(ActionExecutedContextSealed context)
   at Microsoft.AspNetCore.Mvc.Infrastructure.ControllerActionInvoker.Next(State& next, Scope& scope, Object& state, Boolean& isCompleted)
   at Microsoft.AspNetCore.Mvc.Infrastructure.ControllerActionInvoker.InvokeInnerFilterAsync()
--- End of stack trace from previous location ---
   at Microsoft.AspNetCore.Mvc.Infrastructure.ResourceInvoker.<InvokeFilterPipelineAsync>g__Awaited|20_0(ResourceInvoker invoker, Task lastTask, State next, Scope scope, Object state, Boolean isCompleted)
   at Microsoft.AspNetCore.Mvc.Infrastructure.ResourceInvoker.<InvokeAsync>g__Awaited|17_0(ResourceInvoker invoker, Task task, IDisposable scope)
   at Microsoft.AspNetCore.Mvc.Infrastructure.ResourceInvoker.<InvokeAsync>g__Awaited|17_0(ResourceInvoker invoker, Task task, IDisposable scope)
   at Serilog.AspNetCore.RequestLoggingMiddleware.Invoke(HttpContext httpContext)
   at Microsoft.AspNetCore.Authorization.AuthorizationMiddleware.Invoke(HttpContext context)
   at Swashbuckle.AspNetCore.SwaggerUI.SwaggerUIMiddleware.Invoke(HttpContext httpContext)
   at Swashbuckle.AspNetCore.Swagger.SwaggerMiddleware.Invoke(HttpContext httpContext, ISwaggerProvider swaggerProvider)
   at Microsoft.AspNetCore.Authentication.AuthenticationMiddleware.Invoke(HttpContext context)
   at Microsoft.AspNetCore.Diagnostics.DeveloperExceptionPageMiddlewareImpl.Invoke(HttpContext context)
2026-02-17 15:00:52.277 +05:30 [ERR] Test error log
2026-02-17 15:01:25.500 +05:30 [INF] HTTP GET /api/LoanDeals responded 200 in 2775.0470 ms
2026-02-17 15:03:04.221 +05:30 [ERR] An exception occurred in the database while saving changes for context type 'LoanOriginationService.Infrastructure.Data.ApplicationDbContext'.
Microsoft.EntityFrameworkCore.DbUpdateException: An error occurred while saving the entity changes. See the inner exception for details.
 ---> Microsoft.Data.SqlClient.SqlException (0x80131904): Cannot insert the value NULL into column 'loanTypesloanTypeId', table 'LoanOriginationDB.dbo.LoanDeals'; column does not allow nulls. INSERT fails.
   at Microsoft.Data.SqlClient.SqlConnection.OnError(SqlException exception, Boolean breakConnection, Action`1 wrapCloseInAction)
   at Microsoft.Data.SqlClient.SqlInternalConnection.OnError(SqlException exception, Boolean breakConnection, Action`1 wrapCloseInAction)
   at Microsoft.Data.SqlClient.TdsParser.ThrowExceptionAndWarning(TdsParserStateObject stateObj, Boolean callerHasConnectionLock, Boolean asyncClose)
   at Microsoft.Data.SqlClient.TdsParser.TryRun(RunBehavior runBehavior, SqlCommand cmdHandler, SqlDataReader dataStream, BulkCopySimpleResultSet bulkCopyHandler, TdsParserStateObject stateObj, Boolean& dataReady)
   at Microsoft.Data.SqlClient.SqlDataReader.TryHasMoreRows(Boolean& moreRows)
   at Microsoft.Data.SqlClient.SqlDataReader.TryReadInternal(Boolean setTimeout, Boolean& more)
   at Microsoft.Data.SqlClient.SqlDataReader.Read()
   at Microsoft.EntityFrameworkCore.Storage.RelationalDataReader.Read()
   at Microsoft.EntityFrameworkCore.Update.AffectedCountModificationCommandBatch.ConsumeResultSet(Int32 startCommandIndex, RelationalDataReader reader)
ClientConnectionId:07191b14-9a12-49a8-9dee-8f3ad9852e8d
Error Number:515,State:2,Class:16
   --- End of inner exception stack trace ---
   at Microsoft.EntityFrameworkCore.Update.AffectedCountModificationCommandBatch.ConsumeResultSet(Int32 startCommandIndex, RelationalDataReader reader)
   at Microsoft.EntityFrameworkCore.Update.AffectedCountModificationCommandBatch.Consume(RelationalDataReader reader)
   at Microsoft.EntityFrameworkCore.Update.ReaderModificationCommandBatch.Execute(IRelationalConnection connection)
   at Microsoft.EntityFrameworkCore.SqlServer.Update.Internal.SqlServerModificationCommandBatch.Execute(IRelationalConnection connection)
   at Microsoft.EntityFrameworkCore.Update.Internal.BatchExecutor.Execute(IEnumerable`1 commandBatches, IRelationalConnection connection)
   at Microsoft.EntityFrameworkCore.Storage.RelationalDatabase.SaveChanges(IList`1 entries)
   at Microsoft.EntityFrameworkCore.ChangeTracking.Internal.StateManager.SaveChanges(IList`1 entriesToSave)
   at Microsoft.EntityFrameworkCore.ChangeTracking.Internal.StateManager.SaveChanges(StateManager stateManager, Boolean acceptAllChangesOnSuccess)
   at Microsoft.EntityFrameworkCore.ChangeTracking.Internal.StateManager.<>c.<SaveChanges>b__112_0(DbContext _, ValueTuple`2 t)
   at Microsoft.EntityFrameworkCore.SqlServer.Storage.Internal.SqlServerExecutionStrategy.Execute[TState,TResult](TState state, Func`3 operation, Func`3 verifySucceeded)
   at Microsoft.EntityFrameworkCore.ChangeTracking.Internal.StateManager.SaveChanges(Boolean acceptAllChangesOnSuccess)
   at Microsoft.EntityFrameworkCore.DbContext.SaveChanges(Boolean acceptAllChangesOnSuccess)
Microsoft.EntityFrameworkCore.DbUpdateException: An error occurred while saving the entity changes. See the inner exception for details.
 ---> Microsoft.Data.SqlClient.SqlException (0x80131904): Cannot insert the value NULL into column 'loanTypesloanTypeId', table 'LoanOriginationDB.dbo.LoanDeals'; column does not allow nulls. INSERT fails.
   at Microsoft.Data.SqlClient.SqlConnection.OnError(SqlException exception, Boolean breakConnection, Action`1 wrapCloseInAction)
   at Microsoft.Data.SqlClient.SqlInternalConnection.OnError(SqlException exception, Boolean breakConnection, Action`1 wrapCloseInAction)
   at Microsoft.Data.SqlClient.TdsParser.ThrowExceptionAndWarning(TdsParserStateObject stateObj, Boolean callerHasConnectionLock, Boolean asyncClose)
   at Microsoft.Data.SqlClient.TdsParser.TryRun(RunBehavior runBehavior, SqlCommand cmdHandler, SqlDataReader dataStream, BulkCopySimpleResultSet bulkCopyHandler, TdsParserStateObject stateObj, Boolean& dataReady)
   at Microsoft.Data.SqlClient.SqlDataReader.TryHasMoreRows(Boolean& moreRows)
   at Microsoft.Data.SqlClient.SqlDataReader.TryReadInternal(Boolean setTimeout, Boolean& more)
   at Microsoft.Data.SqlClient.SqlDataReader.Read()
   at Microsoft.EntityFrameworkCore.Storage.RelationalDataReader.Read()
   at Microsoft.EntityFrameworkCore.Update.AffectedCountModificationCommandBatch.ConsumeResultSet(Int32 startCommandIndex, RelationalDataReader reader)
ClientConnectionId:07191b14-9a12-49a8-9dee-8f3ad9852e8d
Error Number:515,State:2,Class:16
   --- End of inner exception stack trace ---
   at Microsoft.EntityFrameworkCore.Update.AffectedCountModificationCommandBatch.ConsumeResultSet(Int32 startCommandIndex, RelationalDataReader reader)
   at Microsoft.EntityFrameworkCore.Update.AffectedCountModificationCommandBatch.Consume(RelationalDataReader reader)
   at Microsoft.EntityFrameworkCore.Update.ReaderModificationCommandBatch.Execute(IRelationalConnection connection)
   at Microsoft.EntityFrameworkCore.SqlServer.Update.Internal.SqlServerModificationCommandBatch.Execute(IRelationalConnection connection)
   at Microsoft.EntityFrameworkCore.Update.Internal.BatchExecutor.Execute(IEnumerable`1 commandBatches, IRelationalConnection connection)
   at Microsoft.EntityFrameworkCore.Storage.RelationalDatabase.SaveChanges(IList`1 entries)
   at Microsoft.EntityFrameworkCore.ChangeTracking.Internal.StateManager.SaveChanges(IList`1 entriesToSave)
   at Microsoft.EntityFrameworkCore.ChangeTracking.Internal.StateManager.SaveChanges(StateManager stateManager, Boolean acceptAllChangesOnSuccess)
   at Microsoft.EntityFrameworkCore.ChangeTracking.Internal.StateManager.<>c.<SaveChanges>b__112_0(DbContext _, ValueTuple`2 t)
   at Microsoft.EntityFrameworkCore.SqlServer.Storage.Internal.SqlServerExecutionStrategy.Execute[TState,TResult](TState state, Func`3 operation, Func`3 verifySucceeded)
   at Microsoft.EntityFrameworkCore.ChangeTracking.Internal.StateManager.SaveChanges(Boolean acceptAllChangesOnSuccess)
   at Microsoft.EntityFrameworkCore.DbContext.SaveChanges(Boolean acceptAllChangesOnSuccess)
2026-02-17 15:03:40.396 +05:30 [ERR] Test error log
2026-02-17 15:04:10.414 +05:30 [ERR] Test error log
2026-02-17 15:04:25.664 +05:30 [ERR] Test error log
2026-02-17 15:04:36.163 +05:30 [ERR] Test error log
2026-02-17 15:05:17.896 +05:30 [INF] HTTP POST /api/LoanDeals responded 200 in 5303.7128 ms
2026-02-17 15:05:26.917 +05:30 [INF] HTTP GET /api/LoanDeals responded 200 in 213.2096 ms
2026-02-17 15:07:14.478 +05:30 [ERR] Test error log
2026-02-17 15:08:40.964 +05:30 [INF] HTTP GET /api/LoanDeals responded 200 in 2879.1265 ms
2026-02-17 15:15:00.048 +05:30 [ERR] Test error log
2026-02-17 15:15:13.455 +05:30 [INF] HTTP GET /api/LoanDeals responded 200 in 2774.9554 ms
2026-02-17 15:16:22.022 +05:30 [ERR] Test error log
2026-02-17 15:16:38.563 +05:30 [INF] HTTP GET /api/LoanDeals responded 200 in 2797.9137 ms
2026-02-17 15:20:44.623 +05:30 [ERR] Test error log
2026-02-17 15:25:52.882 +05:30 [ERR] Test error log
2026-02-17 15:28:37.959 +05:30 [INF] HTTP POST /api/LoanDeals responded 200 in 6581.3882 ms
2026-02-17 15:29:28.366 +05:30 [ERR] Test error log
2026-02-17 15:29:41.917 +05:30 [INF] HTTP GET /api/LoanDeals responded 200 in 2848.9690 ms
2026-02-17 15:35:02.646 +05:30 [ERR] Test error log
2026-02-17 15:44:39.462 +05:30 [ERR] HTTP POST /api/LoanDeals responded 500 in 19302.9090 ms
System.Collections.Generic.KeyNotFoundException: Loan Type Not Found
   at LoanOriginationService.Infrastructure.Repository.LoanDealsRepo.AddLoanDeals(LoanDealsResponseDto dto) in C:\Users\Sakib\source\repos\LoanOriginationService.API\LoanOriginationService.Infrastructure\Repository\LoanDealsRepo.cs:line 32
   at LoanOriginationService.API.Controllers.LoanDealsController.AddLoanDeald(LoanDealsResponseDto dto) in C:\Users\Sakib\source\repos\LoanOriginationService.API\LoanOriginationService.API\Controllers\LoanDealsController.cs:line 38
   at lambda_method2(Closure, Object, Object[])
   at Microsoft.AspNetCore.Mvc.Infrastructure.ActionMethodExecutor.SyncActionResultExecutor.Execute(ActionContext actionContext, IActionResultTypeMapper mapper, ObjectMethodExecutor executor, Object controller, Object[] arguments)
   at Microsoft.AspNetCore.Mvc.Infrastructure.ControllerActionInvoker.InvokeActionMethodAsync()
   at Microsoft.AspNetCore.Mvc.Infrastructure.ControllerActionInvoker.Next(State& next, Scope& scope, Object& state, Boolean& isCompleted)
   at Microsoft.AspNetCore.Mvc.Infrastructure.ControllerActionInvoker.InvokeNextActionFilterAsync()
--- End of stack trace from previous location ---
   at Microsoft.AspNetCore.Mvc.Infrastructure.ControllerActionInvoker.Rethrow(ActionExecutedContextSealed context)
   at Microsoft.AspNetCore.Mvc.Infrastructure.ControllerActionInvoker.Next(State& next, Scope& scope, Object& state, Boolean& isCompleted)
   at Microsoft.AspNetCore.Mvc.Infrastructure.ControllerActionInvoker.InvokeInnerFilterAsync()
--- End of stack trace from previous location ---
   at Microsoft.AspNetCore.Mvc.Infrastructure.ResourceInvoker.<InvokeFilterPipelineAsync>g__Awaited|20_0(ResourceInvoker invoker, Task lastTask, State next, Scope scope, Object state, Boolean isCompleted)
   at Microsoft.AspNetCore.Mvc.Infrastructure.ResourceInvoker.<InvokeAsync>g__Awaited|17_0(ResourceInvoker invoker, Task task, IDisposable scope)
   at Microsoft.AspNetCore.Mvc.Infrastructure.ResourceInvoker.<InvokeAsync>g__Awaited|17_0(ResourceInvoker invoker, Task task, IDisposable scope)
   at Serilog.AspNetCore.RequestLoggingMiddleware.Invoke(HttpContext httpContext)
2026-02-17 15:44:39.570 +05:30 [ERR] An unhandled exception has occurred while executing the request.
System.Collections.Generic.KeyNotFoundException: Loan Type Not Found
   at LoanOriginationService.Infrastructure.Repository.LoanDealsRepo.AddLoanDeals(LoanDealsResponseDto dto) in C:\Users\Sakib\source\repos\LoanOriginationService.API\LoanOriginationService.Infrastructure\Repository\LoanDealsRepo.cs:line 32
   at LoanOriginationService.API.Controllers.LoanDealsController.AddLoanDeald(LoanDealsResponseDto dto) in C:\Users\Sakib\source\repos\LoanOriginationService.API\LoanOriginationService.API\Controllers\LoanDealsController.cs:line 38
   at lambda_method2(Closure, Object, Object[])
   at Microsoft.AspNetCore.Mvc.Infrastructure.ActionMethodExecutor.SyncActionResultExecutor.Execute(ActionContext actionContext, IActionResultTypeMapper mapper, ObjectMethodExecutor executor, Object controller, Object[] arguments)
   at Microsoft.AspNetCore.Mvc.Infrastructure.ControllerActionInvoker.InvokeActionMethodAsync()
   at Microsoft.AspNetCore.Mvc.Infrastructure.ControllerActionInvoker.Next(State& next, Scope& scope, Object& state, Boolean& isCompleted)
   at Microsoft.AspNetCore.Mvc.Infrastructure.ControllerActionInvoker.InvokeNextActionFilterAsync()
--- End of stack trace from previous location ---
   at Microsoft.AspNetCore.Mvc.Infrastructure.ControllerActionInvoker.Rethrow(ActionExecutedContextSealed context)
   at Microsoft.AspNetCore.Mvc.Infrastructure.ControllerActionInvoker.Next(State& next, Scope& scope, Object& state, Boolean& isCompleted)
   at Microsoft.AspNetCore.Mvc.Infrastructure.ControllerActionInvoker.InvokeInnerFilterAsync()
--- End of stack trace from previous location ---
   at Microsoft.AspNetCore.Mvc.Infrastructure.ResourceInvoker.<InvokeFilterPipelineAsync>g__Awaited|20_0(ResourceInvoker invoker, Task lastTask, State next, Scope scope, Object state, Boolean isCompleted)
   at Microsoft.AspNetCore.Mvc.Infrastructure.ResourceInvoker.<InvokeAsync>g__Awaited|17_0(ResourceInvoker invoker, Task task, IDisposable scope)
   at Microsoft.AspNetCore.Mvc.Infrastructure.ResourceInvoker.<InvokeAsync>g__Awaited|17_0(ResourceInvoker invoker, Task task, IDisposable scope)
   at Serilog.AspNetCore.RequestLoggingMiddleware.Invoke(HttpContext httpContext)
   at Microsoft.AspNetCore.Authorization.AuthorizationMiddleware.Invoke(HttpContext context)
   at Swashbuckle.AspNetCore.SwaggerUI.SwaggerUIMiddleware.Invoke(HttpContext httpContext)
   at Swashbuckle.AspNetCore.Swagger.SwaggerMiddleware.Invoke(HttpContext httpContext, ISwaggerProvider swaggerProvider)
   at Microsoft.AspNetCore.Authentication.AuthenticationMiddleware.Invoke(HttpContext context)
   at Microsoft.AspNetCore.Diagnostics.DeveloperExceptionPageMiddlewareImpl.Invoke(HttpContext context)
2026-02-17 15:55:11.993 +05:30 [ERR] Test error log
2026-02-17 15:55:36.412 +05:30 [INF] HTTP POST /api/LoanDeals responded 400 in 770.1482 ms
2026-02-17 15:57:46.169 +05:30 [INF] HTTP POST /api/LoanDeals responded 400 in 27.7157 ms
2026-02-17 15:57:59.738 +05:30 [INF] HTTP POST /api/LoanDeals responded 400 in 7.3134 ms
2026-02-17 15:58:25.257 +05:30 [ERR] HTTP POST /api/LoanDeals responded 500 in 15807.3364 ms
System.Collections.Generic.KeyNotFoundException: Loan Type Not Found
   at LoanOriginationService.Infrastructure.Repository.LoanDealsRepo.AddLoanDeals(LoanDealsResponseDto dto) in C:\Users\Sakib\source\repos\LoanOriginationService.API\LoanOriginationService.Infrastructure\Repository\LoanDealsRepo.cs:line 32
   at LoanOriginationService.API.Controllers.LoanDealsController.AddLoanDeald(LoanDealsResponseDto dto) in C:\Users\Sakib\source\repos\LoanOriginationService.API\LoanOriginationService.API\Controllers\LoanDealsController.cs:line 38
   at lambda_method2(Closure, Object, Object[])
   at Microsoft.AspNetCore.Mvc.Infrastructure.ActionMethodExecutor.SyncActionResultExecutor.Execute(ActionContext actionContext, IActionResultTypeMapper mapper, ObjectMethodExecutor executor, Object controller, Object[] arguments)
   at Microsoft.AspNetCore.Mvc.Infrastructure.ControllerActionInvoker.InvokeActionMethodAsync()
   at Microsoft.AspNetCore.Mvc.Infrastructure.ControllerActionInvoker.Next(State& next, Scope& scope, Object& state, Boolean& isCompleted)
   at Microsoft.AspNetCore.Mvc.Infrastructure.ControllerActionInvoker.InvokeNextActionFilterAsync()
--- End of stack trace from previous location ---
   at Microsoft.AspNetCore.Mvc.Infrastructure.ControllerActionInvoker.Rethrow(ActionExecutedContextSealed context)
   at Microsoft.AspNetCore.Mvc.Infrastructure.ControllerActionInvoker.Next(State& next, Scope& scope, Object& state, Boolean& isCompleted)
   at Microsoft.AspNetCore.Mvc.Infrastructure.ControllerActionInvoker.InvokeInnerFilterAsync()
--- End of stack trace from previous location ---
   at Microsoft.AspNetCore.Mvc.Infrastructure.ResourceInvoker.<InvokeFilterPipelineAsync>g__Awaited|20_0(ResourceInvoker invoker, Task lastTask, State next, Scope scope, Object state, Boolean isCompleted)
   at Microsoft.AspNetCore.Mvc.Infrastructure.ResourceInvoker.<InvokeAsync>g__Awaited|17_0(ResourceInvoker invoker, Task task, IDisposable scope)
   at Microsoft.AspNetCore.Mvc.Infrastructure.ResourceInvoker.<InvokeAsync>g__Awaited|17_0(ResourceInvoker invoker, Task task, IDisposable scope)
   at Serilog.AspNetCore.RequestLoggingMiddleware.Invoke(HttpContext httpContext)
2026-02-17 15:58:25.371 +05:30 [ERR] An unhandled exception has occurred while executing the request.
System.Collections.Generic.KeyNotFoundException: Loan Type Not Found
   at LoanOriginationService.Infrastructure.Repository.LoanDealsRepo.AddLoanDeals(LoanDealsResponseDto dto) in C:\Users\Sakib\source\repos\LoanOriginationService.API\LoanOriginationService.Infrastructure\Repository\LoanDealsRepo.cs:line 32
   at LoanOriginationService.API.Controllers.LoanDealsController.AddLoanDeald(LoanDealsResponseDto dto) in C:\Users\Sakib\source\repos\LoanOriginationService.API\LoanOriginationService.API\Controllers\LoanDealsController.cs:line 38
   at lambda_method2(Closure, Object, Object[])
   at Microsoft.AspNetCore.Mvc.Infrastructure.ActionMethodExecutor.SyncActionResultExecutor.Execute(ActionContext actionContext, IActionResultTypeMapper mapper, ObjectMethodExecutor executor, Object controller, Object[] arguments)
   at Microsoft.AspNetCore.Mvc.Infrastructure.ControllerActionInvoker.InvokeActionMethodAsync()
   at Microsoft.AspNetCore.Mvc.Infrastructure.ControllerActionInvoker.Next(State& next, Scope& scope, Object& state, Boolean& isCompleted)
   at Microsoft.AspNetCore.Mvc.Infrastructure.ControllerActionInvoker.InvokeNextActionFilterAsync()
--- End of stack trace from previous location ---
   at Microsoft.AspNetCore.Mvc.Infrastructure.ControllerActionInvoker.Rethrow(ActionExecutedContextSealed context)
   at Microsoft.AspNetCore.Mvc.Infrastructure.ControllerActionInvoker.Next(State& next, Scope& scope, Object& state, Boolean& isCompleted)
   at Microsoft.AspNetCore.Mvc.Infrastructure.ControllerActionInvoker.InvokeInnerFilterAsync()
--- End of stack trace from previous location ---
   at Microsoft.AspNetCore.Mvc.Infrastructure.ResourceInvoker.<InvokeFilterPipelineAsync>g__Awaited|20_0(ResourceInvoker invoker, Task lastTask, State next, Scope scope, Object state, Boolean isCompleted)
   at Microsoft.AspNetCore.Mvc.Infrastructure.ResourceInvoker.<InvokeAsync>g__Awaited|17_0(ResourceInvoker invoker, Task task, IDisposable scope)
   at Microsoft.AspNetCore.Mvc.Infrastructure.ResourceInvoker.<InvokeAsync>g__Awaited|17_0(ResourceInvoker invoker, Task task, IDisposable scope)
   at Serilog.AspNetCore.RequestLoggingMiddleware.Invoke(HttpContext httpContext)
   at Microsoft.AspNetCore.Authorization.AuthorizationMiddleware.Invoke(HttpContext context)
   at Swashbuckle.AspNetCore.SwaggerUI.SwaggerUIMiddleware.Invoke(HttpContext httpContext)
   at Swashbuckle.AspNetCore.Swagger.SwaggerMiddleware.Invoke(HttpContext httpContext, ISwaggerProvider swaggerProvider)
   at Microsoft.AspNetCore.Authentication.AuthenticationMiddleware.Invoke(HttpContext context)
   at Microsoft.AspNetCore.Diagnostics.DeveloperExceptionPageMiddlewareImpl.Invoke(HttpContext context)
2026-02-17 16:19:13.841 +05:30 [ERR] Test error log
2026-02-17 16:20:26.550 +05:30 [ERR] HTTP POST /api/LoanDeals responded 500 in 38550.7624 ms
LoanOriginationService.Application.Exceptions.BadRequestException: Loan Type Not Found
   at LoanOriginationService.Infrastructure.Repository.LoanDealsRepo.AddLoanDeals(LoanDealsResponseDto dto)
   at LoanOriginationService.API.Controllers.LoanDealsController.AddLoanDeald(LoanDealsResponseDto dto) in C:\Users\Sakib\source\repos\LoanOriginationService.API\LoanOriginationService.API\Controllers\LoanDealsController.cs:line 38
   at lambda_method2(Closure, Object, Object[])
   at Microsoft.AspNetCore.Mvc.Infrastructure.ActionMethodExecutor.SyncActionResultExecutor.Execute(ActionContext actionContext, IActionResultTypeMapper mapper, ObjectMethodExecutor executor, Object controller, Object[] arguments)
   at Microsoft.AspNetCore.Mvc.Infrastructure.ControllerActionInvoker.InvokeActionMethodAsync()
   at Microsoft.AspNetCore.Mvc.Infrastructure.ControllerActionInvoker.Next(State& next, Scope& scope, Object& state, Boolean& isCompleted)
   at Microsoft.AspNetCore.Mvc.Infrastructure.ControllerActionInvoker.InvokeNextActionFilterAsync()
--- End of stack trace from previous location ---
   at Microsoft.AspNetCore.Mvc.Infrastructure.ControllerActionInvoker.Rethrow(ActionExecutedContextSealed context)
   at Microsoft.AspNetCore.Mvc.Infrastructure.ControllerActionInvoker.Next(State& next, Scope& scope, Object& state, Boolean& isCompleted)
   at Microsoft.AspNetCore.Mvc.Infrastructure.ControllerActionInvoker.InvokeInnerFilterAsync()
--- End of stack trace from previous location ---
   at Microsoft.AspNetCore.Mvc.Infrastructure.ResourceInvoker.<InvokeFilterPipelineAsync>g__Awaited|20_0(ResourceInvoker invoker, Task lastTask, State next, Scope scope, Object state, Boolean isCompleted)
   at Microsoft.AspNetCore.Mvc.Infrastructure.ResourceInvoker.<InvokeAsync>g__Awaited|17_0(ResourceInvoker invoker, Task task, IDisposable scope)
   at Microsoft.AspNetCore.Mvc.Infrastructure.ResourceInvoker.<InvokeAsync>g__Awaited|17_0(ResourceInvoker invoker, Task task, IDisposable scope)
   at Serilog.AspNetCore.RequestLoggingMiddleware.Invoke(HttpContext httpContext)
2026-02-17 16:20:26.733 +05:30 [WRN] BadRequest occurred. TraceId: 0HNJE28OL16JU:00000009, Method: POST, Path: /api/LoanDeals
LoanOriginationService.Application.Exceptions.BadRequestException: Loan Type Not Found
   at LoanOriginationService.Infrastructure.Repository.LoanDealsRepo.AddLoanDeals(LoanDealsResponseDto dto)
   at LoanOriginationService.API.Controllers.LoanDealsController.AddLoanDeald(LoanDealsResponseDto dto) in C:\Users\Sakib\source\repos\LoanOriginationService.API\LoanOriginationService.API\Controllers\LoanDealsController.cs:line 38
   at lambda_method2(Closure, Object, Object[])
   at Microsoft.AspNetCore.Mvc.Infrastructure.ActionMethodExecutor.SyncActionResultExecutor.Execute(ActionContext actionContext, IActionResultTypeMapper mapper, ObjectMethodExecutor executor, Object controller, Object[] arguments)
   at Microsoft.AspNetCore.Mvc.Infrastructure.ControllerActionInvoker.InvokeActionMethodAsync()
   at Microsoft.AspNetCore.Mvc.Infrastructure.ControllerActionInvoker.Next(State& next, Scope& scope, Object& state, Boolean& isCompleted)
   at Microsoft.AspNetCore.Mvc.Infrastructure.ControllerActionInvoker.InvokeNextActionFilterAsync()
--- End of stack trace from previous location ---
   at Microsoft.AspNetCore.Mvc.Infrastructure.ControllerActionInvoker.Rethrow(ActionExecutedContextSealed context)
   at Microsoft.AspNetCore.Mvc.Infrastructure.ControllerActionInvoker.Next(State& next, Scope& scope, Object& state, Boolean& isCompleted)
   at Microsoft.AspNetCore.Mvc.Infrastructure.ControllerActionInvoker.InvokeInnerFilterAsync()
--- End of stack trace from previous location ---
   at Microsoft.AspNetCore.Mvc.Infrastructure.ResourceInvoker.<InvokeFilterPipelineAsync>g__Awaited|20_0(ResourceInvoker invoker, Task lastTask, State next, Scope scope, Object state, Boolean isCompleted)
   at Microsoft.AspNetCore.Mvc.Infrastructure.ResourceInvoker.<InvokeAsync>g__Awaited|17_0(ResourceInvoker invoker, Task task, IDisposable scope)
   at Microsoft.AspNetCore.Mvc.Infrastructure.ResourceInvoker.<InvokeAsync>g__Awaited|17_0(ResourceInvoker invoker, Task task, IDisposable scope)
   at Serilog.AspNetCore.RequestLoggingMiddleware.Invoke(HttpContext httpContext)
   at Microsoft.AspNetCore.Authorization.AuthorizationMiddleware.Invoke(HttpContext context)
   at LoanOriginationService.API.Middleware.ExceptionMiddleware.Invoke(HttpContext context) in C:\Users\Sakib\source\repos\LoanOriginationService.API\LoanOriginationService.API\Middleware\ExceptionMiddleware.cs:line 26
2026-02-17 16:22:51.151 +05:30 [ERR] Test error log
2026-02-17 16:24:28.517 +05:30 [ERR] HTTP POST /api/LoanDeals responded 500 in 65896.7612 ms
LoanOriginationService.Application.Exceptions.NotFoundException: Loan Type Not Found
   at LoanOriginationService.Infrastructure.Repository.LoanDealsRepo.AddLoanDeals(LoanDealsResponseDto dto)
   at LoanOriginationService.API.Controllers.LoanDealsController.AddLoanDeald(LoanDealsResponseDto dto) in C:\Users\Sakib\source\repos\LoanOriginationService.API\LoanOriginationService.API\Controllers\LoanDealsController.cs:line 38
   at lambda_method2(Closure, Object, Object[])
   at Microsoft.AspNetCore.Mvc.Infrastructure.ActionMethodExecutor.SyncActionResultExecutor.Execute(ActionContext actionContext, IActionResultTypeMapper mapper, ObjectMethodExecutor executor, Object controller, Object[] arguments)
   at Microsoft.AspNetCore.Mvc.Infrastructure.ControllerActionInvoker.InvokeActionMethodAsync()
   at Microsoft.AspNetCore.Mvc.Infrastructure.ControllerActionInvoker.Next(State& next, Scope& scope, Object& state, Boolean& isCompleted)
   at Microsoft.AspNetCore.Mvc.Infrastructure.ControllerActionInvoker.InvokeNextActionFilterAsync()
--- End of stack trace from previous location ---
   at Microsoft.AspNetCore.Mvc.Infrastructure.ControllerActionInvoker.Rethrow(ActionExecutedContextSealed context)
   at Microsoft.AspNetCore.Mvc.Infrastructure.ControllerActionInvoker.Next(State& next, Scope& scope, Object& state, Boolean& isCompleted)
   at Microsoft.AspNetCore.Mvc.Infrastructure.ControllerActionInvoker.InvokeInnerFilterAsync()
--- End of stack trace from previous location ---
   at Microsoft.AspNetCore.Mvc.Infrastructure.ResourceInvoker.<InvokeFilterPipelineAsync>g__Awaited|20_0(ResourceInvoker invoker, Task lastTask, State next, Scope scope, Object state, Boolean isCompleted)
   at Microsoft.AspNetCore.Mvc.Infrastructure.ResourceInvoker.<InvokeAsync>g__Awaited|17_0(ResourceInvoker invoker, Task task, IDisposable scope)
   at Microsoft.AspNetCore.Mvc.Infrastructure.ResourceInvoker.<InvokeAsync>g__Awaited|17_0(ResourceInvoker invoker, Task task, IDisposable scope)
   at Serilog.AspNetCore.RequestLoggingMiddleware.Invoke(HttpContext httpContext)
2026-02-17 16:24:28.614 +05:30 [INF] NotFound occurred. TraceId: 0HNJE2APH999U:00000009, Method: POST, Path: /api/LoanDeals
LoanOriginationService.Application.Exceptions.NotFoundException: Loan Type Not Found
   at LoanOriginationService.Infrastructure.Repository.LoanDealsRepo.AddLoanDeals(LoanDealsResponseDto dto)
   at LoanOriginationService.API.Controllers.LoanDealsController.AddLoanDeald(LoanDealsResponseDto dto) in C:\Users\Sakib\source\repos\LoanOriginationService.API\LoanOriginationService.API\Controllers\LoanDealsController.cs:line 38
   at lambda_method2(Closure, Object, Object[])
   at Microsoft.AspNetCore.Mvc.Infrastructure.ActionMethodExecutor.SyncActionResultExecutor.Execute(ActionContext actionContext, IActionResultTypeMapper mapper, ObjectMethodExecutor executor, Object controller, Object[] arguments)
   at Microsoft.AspNetCore.Mvc.Infrastructure.ControllerActionInvoker.InvokeActionMethodAsync()
   at Microsoft.AspNetCore.Mvc.Infrastructure.ControllerActionInvoker.Next(State& next, Scope& scope, Object& state, Boolean& isCompleted)
   at Microsoft.AspNetCore.Mvc.Infrastructure.ControllerActionInvoker.InvokeNextActionFilterAsync()
--- End of stack trace from previous location ---
   at Microsoft.AspNetCore.Mvc.Infrastructure.ControllerActionInvoker.Rethrow(ActionExecutedContextSealed context)
   at Microsoft.AspNetCore.Mvc.Infrastructure.ControllerActionInvoker.Next(State& next, Scope& scope, Object& state, Boolean& isCompleted)
   at Microsoft.AspNetCore.Mvc.Infrastructure.ControllerActionInvoker.InvokeInnerFilterAsync()
--- End of stack trace from previous location ---
   at Microsoft.AspNetCore.Mvc.Infrastructure.ResourceInvoker.<InvokeFilterPipelineAsync>g__Awaited|20_0(ResourceInvoker invoker, Task lastTask, State next, Scope scope, Object state, Boolean isCompleted)
   at Microsoft.AspNetCore.Mvc.Infrastructure.ResourceInvoker.<InvokeAsync>g__Awaited|17_0(ResourceInvoker invoker, Task task, IDisposable scope)
   at Microsoft.AspNetCore.Mvc.Infrastructure.ResourceInvoker.<InvokeAsync>g__Awaited|17_0(ResourceInvoker invoker, Task task, IDisposable scope)
   at Serilog.AspNetCore.RequestLoggingMiddleware.Invoke(HttpContext httpContext)
   at Microsoft.AspNetCore.Authorization.AuthorizationMiddleware.Invoke(HttpContext context)
   at LoanOriginationService.API.Middleware.ExceptionMiddleware.Invoke(HttpContext context) in C:\Users\Sakib\source\repos\LoanOriginationService.API\LoanOriginationService.API\Middleware\ExceptionMiddleware.cs:line 26
2026-02-17 16:24:57.431 +05:30 [ERR] Test error log
2026-02-17 16:25:24.734 +05:30 [ERR] HTTP POST /api/LoanDeals responded 500 in 19995.0157 ms
LoanOriginationService.Application.Exceptions.NotFoundException: Loan Type Not Found
   at LoanOriginationService.Infrastructure.Repository.LoanDealsRepo.AddLoanDeals(LoanDealsResponseDto dto) in C:\Users\Sakib\source\repos\LoanOriginationService.API\LoanOriginationService.Infrastructure\Repository\LoanDealsRepo.cs:line 34
   at LoanOriginationService.API.Controllers.LoanDealsController.AddLoanDeald(LoanDealsResponseDto dto) in C:\Users\Sakib\source\repos\LoanOriginationService.API\LoanOriginationService.API\Controllers\LoanDealsController.cs:line 38
   at lambda_method2(Closure, Object, Object[])
   at Microsoft.AspNetCore.Mvc.Infrastructure.ActionMethodExecutor.SyncActionResultExecutor.Execute(ActionContext actionContext, IActionResultTypeMapper mapper, ObjectMethodExecutor executor, Object controller, Object[] arguments)
   at Microsoft.AspNetCore.Mvc.Infrastructure.ControllerActionInvoker.InvokeActionMethodAsync()
   at Microsoft.AspNetCore.Mvc.Infrastructure.ControllerActionInvoker.Next(State& next, Scope& scope, Object& state, Boolean& isCompleted)
   at Microsoft.AspNetCore.Mvc.Infrastructure.ControllerActionInvoker.InvokeNextActionFilterAsync()
--- End of stack trace from previous location ---
   at Microsoft.AspNetCore.Mvc.Infrastructure.ControllerActionInvoker.Rethrow(ActionExecutedContextSealed context)
   at Microsoft.AspNetCore.Mvc.Infrastructure.ControllerActionInvoker.Next(State& next, Scope& scope, Object& state, Boolean& isCompleted)
   at Microsoft.AspNetCore.Mvc.Infrastructure.ControllerActionInvoker.InvokeInnerFilterAsync()
--- End of stack trace from previous location ---
   at Microsoft.AspNetCore.Mvc.Infrastructure.ResourceInvoker.<InvokeFilterPipelineAsync>g__Awaited|20_0(ResourceInvoker invoker, Task lastTask, State next, Scope scope, Object state, Boolean isCompleted)
   at Microsoft.AspNetCore.Mvc.Infrastructure.ResourceInvoker.<InvokeAsync>g__Awaited|17_0(ResourceInvoker invoker, Task task, IDisposable scope)
   at Microsoft.AspNetCore.Mvc.Infrastructure.ResourceInvoker.<InvokeAsync>g__Awaited|17_0(ResourceInvoker invoker, Task task, IDisposable scope)
   at Serilog.AspNetCore.RequestLoggingMiddleware.Invoke(HttpContext httpContext)
2026-02-17 16:25:24.840 +05:30 [INF] NotFound occurred. TraceId: 0HNJE2BV1LG1J:00000009, Method: POST, Path: /api/LoanDeals
LoanOriginationService.Application.Exceptions.NotFoundException: Loan Type Not Found
   at LoanOriginationService.Infrastructure.Repository.LoanDealsRepo.AddLoanDeals(LoanDealsResponseDto dto) in C:\Users\Sakib\source\repos\LoanOriginationService.API\LoanOriginationService.Infrastructure\Repository\LoanDealsRepo.cs:line 34
   at LoanOriginationService.API.Controllers.LoanDealsController.AddLoanDeald(LoanDealsResponseDto dto) in C:\Users\Sakib\source\repos\LoanOriginationService.API\LoanOriginationService.API\Controllers\LoanDealsController.cs:line 38
   at lambda_method2(Closure, Object, Object[])
   at Microsoft.AspNetCore.Mvc.Infrastructure.ActionMethodExecutor.SyncActionResultExecutor.Execute(ActionContext actionContext, IActionResultTypeMapper mapper, ObjectMethodExecutor executor, Object controller, Object[] arguments)
   at Microsoft.AspNetCore.Mvc.Infrastructure.ControllerActionInvoker.InvokeActionMethodAsync()
   at Microsoft.AspNetCore.Mvc.Infrastructure.ControllerActionInvoker.Next(State& next, Scope& scope, Object& state, Boolean& isCompleted)
   at Microsoft.AspNetCore.Mvc.Infrastructure.ControllerActionInvoker.InvokeNextActionFilterAsync()
--- End of stack trace from previous location ---
   at Microsoft.AspNetCore.Mvc.Infrastructure.ControllerActionInvoker.Rethrow(ActionExecutedContextSealed context)
   at Microsoft.AspNetCore.Mvc.Infrastructure.ControllerActionInvoker.Next(State& next, Scope& scope, Object& state, Boolean& isCompleted)
   at Microsoft.AspNetCore.Mvc.Infrastructure.ControllerActionInvoker.InvokeInnerFilterAsync()
--- End of stack trace from previous location ---
   at Microsoft.AspNetCore.Mvc.Infrastructure.ResourceInvoker.<InvokeFilterPipelineAsync>g__Awaited|20_0(ResourceInvoker invoker, Task lastTask, State next, Scope scope, Object state, Boolean isCompleted)
   at Microsoft.AspNetCore.Mvc.Infrastructure.ResourceInvoker.<InvokeAsync>g__Awaited|17_0(ResourceInvoker invoker, Task task, IDisposable scope)
   at Microsoft.AspNetCore.Mvc.Infrastructure.ResourceInvoker.<InvokeAsync>g__Awaited|17_0(ResourceInvoker invoker, Task task, IDisposable scope)
   at Serilog.AspNetCore.RequestLoggingMiddleware.Invoke(HttpContext httpContext)
   at Microsoft.AspNetCore.Authorization.AuthorizationMiddleware.Invoke(HttpContext context)
   at LoanOriginationService.API.Middleware.ExceptionMiddleware.Invoke(HttpContext context) in C:\Users\Sakib\source\repos\LoanOriginationService.API\LoanOriginationService.API\Middleware\ExceptionMiddleware.cs:line 26
2026-02-17 16:25:45.476 +05:30 [ERR] Test error log
2026-02-17 16:25:59.333 +05:30 [INF] HTTP GET /api/LoanDeals responded 200 in 3000.0417 ms
2026-02-17 16:42:58.157 +05:30 [ERR] Test error log
2026-02-17 16:44:49.314 +05:30 [ERR] Test error log
2026-02-17 16:47:08.844 +05:30 [ERR] Test error log
2026-02-17 16:47:11.092 +05:30 [INF] HTTP GET /swagger/index.html responded 200 in 194.9490 ms
2026-02-17 16:47:11.321 +05:30 [INF] HTTP GET /swagger/v1/swagger.json responded 200 in 30.7747 ms
2026-02-17 16:52:59.576 +05:30 [ERR] Test error log
2026-02-17 16:53:01.878 +05:30 [INF] HTTP GET /swagger/index.html responded 200 in 204.6305 ms
2026-02-17 16:53:02.097 +05:30 [INF] HTTP GET /swagger/v1/swagger.json responded 200 in 26.6863 ms
2026-02-17 16:57:40.805 +05:30 [ERR] Test error log
2026-02-17 16:57:43.131 +05:30 [INF] HTTP GET /swagger/index.html responded 200 in 182.1989 ms
2026-02-17 16:57:43.345 +05:30 [INF] HTTP GET /swagger/v1/swagger.json responded 200 in 41.6494 ms
2026-02-17 16:58:43.643 +05:30 [INF] HTTP GET /api/LoanDeals responded 200 in 3006.5989 ms
2026-02-17 17:10:23.504 +05:30 [ERR] Test error log
2026-02-17 17:10:25.817 +05:30 [INF] HTTP GET /swagger/index.html responded 200 in 220.4241 ms
2026-02-17 17:10:26.054 +05:30 [INF] HTTP GET /swagger/v1/swagger.json responded 200 in 32.1547 ms
2026-02-17 17:11:01.039 +05:30 [ERR] HTTP POST /api/LoanDeals responded 500 in 2953.7712 ms
LoanOriginationService.Application.Exceptions.NotFoundException: Loan Type Not Found
   at LoanOriginationService.Infrastructure.Repository.LoanDealsRepo.AddLoanDeals(LoanDealsResponseDto dto) in C:\Users\Sakib\source\repos\LoanOriginationService.API\LoanOriginationService.Infrastructure\Repository\LoanDealsRepo.cs:line 34
   at LoanOriginationService.API.Controllers.LoanDealsController.AddLoanDeald(LoanDealsResponseDto dto) in C:\Users\Sakib\source\repos\LoanOriginationService.API\LoanOriginationService.API\Controllers\LoanDealsController.cs:line 38
   at lambda_method2(Closure, Object, Object[])
   at Microsoft.AspNetCore.Mvc.Infrastructure.ActionMethodExecutor.SyncActionResultExecutor.Execute(ActionContext actionContext, IActionResultTypeMapper mapper, ObjectMethodExecutor executor, Object controller, Object[] arguments)
   at Microsoft.AspNetCore.Mvc.Infrastructure.ControllerActionInvoker.InvokeActionMethodAsync()
   at Microsoft.AspNetCore.Mvc.Infrastructure.ControllerActionInvoker.Next(State& next, Scope& scope, Object& state, Boolean& isCompleted)
   at Microsoft.AspNetCore.Mvc.Infrastructure.ControllerActionInvoker.InvokeNextActionFilterAsync()
--- End of stack trace from previous location ---
   at Microsoft.AspNetCore.Mvc.Infrastructure.ControllerActionInvoker.Rethrow(ActionExecutedContextSealed context)
   at Microsoft.AspNetCore.Mvc.Infrastructure.ControllerActionInvoker.Next(State& next, Scope& scope, Object& state, Boolean& isCompleted)
   at Microsoft.AspNetCore.Mvc.Infrastructure.ControllerActionInvoker.InvokeInnerFilterAsync()
--- End of stack trace from previous location ---
   at Microsoft.AspNetCore.Mvc.Infrastructure.ResourceInvoker.<InvokeFilterPipelineAsync>g__Awaited|20_0(ResourceInvoker invoker, Task lastTask, State next, Scope scope, Object state, Boolean isCompleted)
   at Microsoft.AspNetCore.Mvc.Infrastructure.ResourceInvoker.<InvokeAsync>g__Awaited|17_0(ResourceInvoker invoker, Task task, IDisposable scope)
   at Microsoft.AspNetCore.Mvc.Infrastructure.ResourceInvoker.<InvokeAsync>g__Awaited|17_0(ResourceInvoker invoker, Task task, IDisposable scope)
   at Microsoft.AspNetCore.Authorization.AuthorizationMiddleware.Invoke(HttpContext context)
   at Swashbuckle.AspNetCore.SwaggerUI.SwaggerUIMiddleware.Invoke(HttpContext httpContext)
   at Swashbuckle.AspNetCore.Swagger.SwaggerMiddleware.Invoke(HttpContext httpContext, ISwaggerProvider swaggerProvider)
   at Serilog.AspNetCore.RequestLoggingMiddleware.Invoke(HttpContext httpContext)
2026-02-17 17:11:01.166 +05:30 [INF] NotFound occurred. TraceId: 0HNJE35BFRC85:00000009, Method: POST, Path: /api/LoanDeals
LoanOriginationService.Application.Exceptions.NotFoundException: Loan Type Not Found
   at LoanOriginationService.Infrastructure.Repository.LoanDealsRepo.AddLoanDeals(LoanDealsResponseDto dto) in C:\Users\Sakib\source\repos\LoanOriginationService.API\LoanOriginationService.Infrastructure\Repository\LoanDealsRepo.cs:line 34
   at LoanOriginationService.API.Controllers.LoanDealsController.AddLoanDeald(LoanDealsResponseDto dto) in C:\Users\Sakib\source\repos\LoanOriginationService.API\LoanOriginationService.API\Controllers\LoanDealsController.cs:line 38
   at lambda_method2(Closure, Object, Object[])
   at Microsoft.AspNetCore.Mvc.Infrastructure.ActionMethodExecutor.SyncActionResultExecutor.Execute(ActionContext actionContext, IActionResultTypeMapper mapper, ObjectMethodExecutor executor, Object controller, Object[] arguments)
   at Microsoft.AspNetCore.Mvc.Infrastructure.ControllerActionInvoker.InvokeActionMethodAsync()
   at Microsoft.AspNetCore.Mvc.Infrastructure.ControllerActionInvoker.Next(State& next, Scope& scope, Object& state, Boolean& isCompleted)
   at Microsoft.AspNetCore.Mvc.Infrastructure.ControllerActionInvoker.InvokeNextActionFilterAsync()
--- End of stack trace from previous location ---
   at Microsoft.AspNetCore.Mvc.Infrastructure.ControllerActionInvoker.Rethrow(ActionExecutedContextSealed context)
   at Microsoft.AspNetCore.Mvc.Infrastructure.ControllerActionInvoker.Next(State& next, Scope& scope, Object& state, Boolean& isCompleted)
   at Microsoft.AspNetCore.Mvc.Infrastructure.ControllerActionInvoker.InvokeInnerFilterAsync()
--- End of stack trace from previous location ---
   at Microsoft.AspNetCore.Mvc.Infrastructure.ResourceInvoker.<InvokeFilterPipelineAsync>g__Awaited|20_0(ResourceInvoker invoker, Task lastTask, State next, Scope scope, Object state, Boolean isCompleted)
   at Microsoft.AspNetCore.Mvc.Infrastructure.ResourceInvoker.<InvokeAsync>g__Awaited|17_0(ResourceInvoker invoker, Task task, IDisposable scope)
   at Microsoft.AspNetCore.Mvc.Infrastructure.ResourceInvoker.<InvokeAsync>g__Awaited|17_0(ResourceInvoker invoker, Task task, IDisposable scope)
   at Microsoft.AspNetCore.Authorization.AuthorizationMiddleware.Invoke(HttpContext context)
   at Swashbuckle.AspNetCore.SwaggerUI.SwaggerUIMiddleware.Invoke(HttpContext httpContext)
   at Swashbuckle.AspNetCore.Swagger.SwaggerMiddleware.Invoke(HttpContext httpContext, ISwaggerProvider swaggerProvider)
   at Serilog.AspNetCore.RequestLoggingMiddleware.Invoke(HttpContext httpContext)
   at LoanOriginationService.API.Middleware.ExceptionMiddleware.Invoke(HttpContext context) in C:\Users\Sakib\source\repos\LoanOriginationService.API\LoanOriginationService.API\Middleware\ExceptionMiddleware.cs:line 26
2026-02-17 18:37:39.942 +05:30 [ERR] Test error log
2026-02-17 18:37:43.448 +05:30 [INF] HTTP GET /swagger/index.html responded 200 in 251.6661 ms
2026-02-17 18:37:45.536 +05:30 [INF] HTTP GET /swagger/v1/swagger.json responded 200 in 26.5271 ms
2026-02-17 18:37:59.684 +05:30 [ERR] HTTP POST /api/LoanDeals responded 500 in 3978.1674 ms
LoanOriginationService.Application.Exceptions.NotFoundException: Loan Type Not Found
   at LoanOriginationService.Infrastructure.Repository.LoanDealsRepo.AddLoanDeals(LoanDealsResponseDto dto) in C:\Users\Sakib\source\repos\LoanOriginationService.API\LoanOriginationService.Infrastructure\Repository\LoanDealsRepo.cs:line 34
   at LoanOriginationService.API.Controllers.LoanDealsController.AddLoanDeald(LoanDealsResponseDto dto) in C:\Users\Sakib\source\repos\LoanOriginationService.API\LoanOriginationService.API\Controllers\LoanDealsController.cs:line 38
   at lambda_method2(Closure, Object, Object[])
   at Microsoft.AspNetCore.Mvc.Infrastructure.ActionMethodExecutor.SyncActionResultExecutor.Execute(ActionContext actionContext, IActionResultTypeMapper mapper, ObjectMethodExecutor executor, Object controller, Object[] arguments)
   at Microsoft.AspNetCore.Mvc.Infrastructure.ControllerActionInvoker.InvokeActionMethodAsync()
   at Microsoft.AspNetCore.Mvc.Infrastructure.ControllerActionInvoker.Next(State& next, Scope& scope, Object& state, Boolean& isCompleted)
   at Microsoft.AspNetCore.Mvc.Infrastructure.ControllerActionInvoker.InvokeNextActionFilterAsync()
--- End of stack trace from previous location ---
   at Microsoft.AspNetCore.Mvc.Infrastructure.ControllerActionInvoker.Rethrow(ActionExecutedContextSealed context)
   at Microsoft.AspNetCore.Mvc.Infrastructure.ControllerActionInvoker.Next(State& next, Scope& scope, Object& state, Boolean& isCompleted)
   at Microsoft.AspNetCore.Mvc.Infrastructure.ControllerActionInvoker.InvokeInnerFilterAsync()
--- End of stack trace from previous location ---
   at Microsoft.AspNetCore.Mvc.Infrastructure.ResourceInvoker.<InvokeFilterPipelineAsync>g__Awaited|20_0(ResourceInvoker invoker, Task lastTask, State next, Scope scope, Object state, Boolean isCompleted)
   at Microsoft.AspNetCore.Mvc.Infrastructure.ResourceInvoker.<InvokeAsync>g__Awaited|17_0(ResourceInvoker invoker, Task task, IDisposable scope)
   at Microsoft.AspNetCore.Mvc.Infrastructure.ResourceInvoker.<InvokeAsync>g__Awaited|17_0(ResourceInvoker invoker, Task task, IDisposable scope)
   at Microsoft.AspNetCore.Authorization.AuthorizationMiddleware.Invoke(HttpContext context)
   at Swashbuckle.AspNetCore.SwaggerUI.SwaggerUIMiddleware.Invoke(HttpContext httpContext)
   at Swashbuckle.AspNetCore.Swagger.SwaggerMiddleware.Invoke(HttpContext httpContext, ISwaggerProvider swaggerProvider)
   at Serilog.AspNetCore.RequestLoggingMiddleware.Invoke(HttpContext httpContext)
2026-02-17 18:37:59.818 +05:30 [INF] NotFound occurred. TraceId: 0HNJE4M48Q6D1:00000003, Method: POST, Path: /api/LoanDeals
LoanOriginationService.Application.Exceptions.NotFoundException: Loan Type Not Found
   at LoanOriginationService.Infrastructure.Repository.LoanDealsRepo.AddLoanDeals(LoanDealsResponseDto dto) in C:\Users\Sakib\source\repos\LoanOriginationService.API\LoanOriginationService.Infrastructure\Repository\LoanDealsRepo.cs:line 34
   at LoanOriginationService.API.Controllers.LoanDealsController.AddLoanDeald(LoanDealsResponseDto dto) in C:\Users\Sakib\source\repos\LoanOriginationService.API\LoanOriginationService.API\Controllers\LoanDealsController.cs:line 38
   at lambda_method2(Closure, Object, Object[])
   at Microsoft.AspNetCore.Mvc.Infrastructure.ActionMethodExecutor.SyncActionResultExecutor.Execute(ActionContext actionContext, IActionResultTypeMapper mapper, ObjectMethodExecutor executor, Object controller, Object[] arguments)
   at Microsoft.AspNetCore.Mvc.Infrastructure.ControllerActionInvoker.InvokeActionMethodAsync()
   at Microsoft.AspNetCore.Mvc.Infrastructure.ControllerActionInvoker.Next(State& next, Scope& scope, Object& state, Boolean& isCompleted)
   at Microsoft.AspNetCore.Mvc.Infrastructure.ControllerActionInvoker.InvokeNextActionFilterAsync()
--- End of stack trace from previous location ---
   at Microsoft.AspNetCore.Mvc.Infrastructure.ControllerActionInvoker.Rethrow(ActionExecutedContextSealed context)
   at Microsoft.AspNetCore.Mvc.Infrastructure.ControllerActionInvoker.Next(State& next, Scope& scope, Object& state, Boolean& isCompleted)
   at Microsoft.AspNetCore.Mvc.Infrastructure.ControllerActionInvoker.InvokeInnerFilterAsync()
--- End of stack trace from previous location ---
   at Microsoft.AspNetCore.Mvc.Infrastructure.ResourceInvoker.<InvokeFilterPipelineAsync>g__Awaited|20_0(ResourceInvoker invoker, Task lastTask, State next, Scope scope, Object state, Boolean isCompleted)
   at Microsoft.AspNetCore.Mvc.Infrastructure.ResourceInvoker.<InvokeAsync>g__Awaited|17_0(ResourceInvoker invoker, Task task, IDisposable scope)
   at Microsoft.AspNetCore.Mvc.Infrastructure.ResourceInvoker.<InvokeAsync>g__Awaited|17_0(ResourceInvoker invoker, Task task, IDisposable scope)
   at Microsoft.AspNetCore.Authorization.AuthorizationMiddleware.Invoke(HttpContext context)
   at Swashbuckle.AspNetCore.SwaggerUI.SwaggerUIMiddleware.Invoke(HttpContext httpContext)
   at Swashbuckle.AspNetCore.Swagger.SwaggerMiddleware.Invoke(HttpContext httpContext, ISwaggerProvider swaggerProvider)
   at Serilog.AspNetCore.RequestLoggingMiddleware.Invoke(HttpContext httpContext)
   at LoanOriginationService.API.Middleware.ExceptionMiddleware.Invoke(HttpContext context) in C:\Users\Sakib\source\repos\LoanOriginationService.API\LoanOriginationService.API\Middleware\ExceptionMiddleware.cs:line 26
2026-02-17 18:38:37.105 +05:30 [INF] HTTP GET /api/LoanDeals responded 200 in 602.2280 ms
2026-02-17 21:35:59.013 +05:30 [ERR] Test error log
2026-02-17 21:36:06.035 +05:30 [INF] HTTP GET /swagger/index.html responded 200 in 592.0852 ms
2026-02-17 21:36:08.092 +05:30 [INF] HTTP GET /swagger/v1/swagger.json responded 200 in 36.6922 ms
2026-02-17 21:37:20.216 +05:30 [INF] HTTP GET /api/LoanDeals/1 responded 200 in 3964.7158 ms
2026-02-17 22:05:34.697 +05:30 [INF] HTTP GET /LoanDeals responded 404 in 0.7321 ms
2026-02-17 22:17:58.883 +05:30 [INF] HTTP GET /LoanDeals responded 404 in 0.1476 ms
2026-02-17 22:20:36.502 +05:30 [ERR] Test error log
2026-02-17 22:20:41.163 +05:30 [INF] HTTP GET /swagger/index.html responded 200 in 554.5181 ms
2026-02-17 22:20:42.213 +05:30 [INF] HTTP GET /swagger/v1/swagger.json responded 200 in 314.7450 ms
2026-02-17 22:20:56.605 +05:30 [INF] HTTP GET /LoanDeals responded 307 in 12.9550 ms
2026-02-17 22:20:56.677 +05:30 [INF] HTTP GET /LoanDeals responded 404 in 3.0633 ms
2026-02-17 22:26:14.081 +05:30 [ERR] Test error log
2026-02-17 22:26:19.506 +05:30 [INF] HTTP GET /swagger/index.html responded 200 in 754.0642 ms
2026-02-17 22:26:20.227 +05:30 [INF] HTTP GET /swagger/v1/swagger.json responded 200 in 219.1530 ms
2026-02-17 22:26:37.337 +05:30 [INF] HTTP GET /LoanDeals responded 404 in 5.4995 ms
2026-02-17 22:29:00.842 +05:30 [INF] HTTP GET /api/LoanDeals responded 200 in 3606.3875 ms
2026-02-17 22:30:01.566 +05:30 [INF] HTTP POST /api/LoanDeals responded 200 in 912.8096 ms
2026-02-17 22:30:09.467 +05:30 [INF] HTTP GET /LoanDeals responded 404 in 0.1913 ms
2026-02-17 22:40:36.772 +05:30 [ERR] Test error log
2026-02-17 22:40:39.881 +05:30 [INF] HTTP GET /swagger/index.html responded 200 in 237.7544 ms
2026-02-17 22:40:40.189 +05:30 [INF] HTTP GET /swagger/v1/swagger.json responded 200 in 51.4302 ms
2026-02-17 22:40:43.289 +05:30 [INF] HTTP GET /LoanDeals responded 404 in 5.8182 ms
2026-02-17 22:41:00.120 +05:30 [INF] HTTP GET /api/LoanDeals responded 200 in 3780.4375 ms
2026-02-17 22:41:09.496 +05:30 [INF] HTTP GET /api/LoanDeals responded 200 in 69.5099 ms
2026-02-17 22:41:09.568 +05:30 [INF] HTTP GET /favicon.ico responded 404 in 0.2223 ms
2026-02-17 22:45:38.439 +05:30 [ERR] Test error log
2026-02-17 22:45:41.334 +05:30 [INF] HTTP GET /swagger/index.html responded 200 in 331.7292 ms
2026-02-17 22:45:41.814 +05:30 [INF] HTTP GET /swagger/v1/swagger.json responded 200 in 133.9542 ms
2026-02-17 22:45:45.486 +05:30 [INF] HTTP GET /api/LoanDeals responded 200 in 4500.8180 ms
2026-02-17 22:47:19.405 +05:30 [INF] HTTP GET /api/LoanDeals responded 200 in 113.2301 ms
2026-02-17 22:49:16.139 +05:30 [INF] HTTP POST /api/LoanDeals responded 200 in 702.2230 ms
2026-02-17 22:49:22.189 +05:30 [INF] HTTP GET /api/LoanDeals responded 200 in 34.0695 ms
2026-02-17 22:50:42.120 +05:30 [INF] HTTP POST /api/LoanDeals responded 200 in 35.7411 ms
2026-02-17 22:50:49.899 +05:30 [INF] HTTP GET /api/LoanDeals responded 200 in 25.7149 ms
2026-02-17 22:51:17.582 +05:30 [INF] HTTP GET /api/LoanDeals responded 200 in 21.0851 ms
2026-02-17 22:51:28.141 +05:30 [INF] HTTP GET /api/LoanDeals responded 200 in 8.1639 ms
2026-02-17 23:13:03.395 +05:30 [INF] HTTP GET /api/LoanDeals responded 200 in 34.7473 ms
2026-02-17 23:13:23.632 +05:30 [INF] HTTP GET /api/LoanDeals/1 responded 200 in 78.4911 ms
2026-02-17 23:14:06.460 +05:30 [INF] HTTP GET /api/LoanDeals responded 200 in 17.1048 ms
2026-02-17 23:14:19.368 +05:30 [INF] HTTP GET /api/LoanDeals/1 responded 200 in 13.0266 ms
2026-02-17 23:24:04.678 +05:30 [INF] HTTP GET /api/LoanDeals/1 responded 200 in 27.4621 ms
2026-02-17 23:24:04.755 +05:30 [INF] HTTP GET /api/LoanDeals/1 responded 200 in 11.5313 ms
2026-02-17 23:24:04.781 +05:30 [INF] HTTP GET /api/LoanDeals/1 responded 200 in 6.3701 ms
2026-02-17 23:24:04.793 +05:30 [INF] HTTP GET /api/LoanDeals/1 responded 200 in 7.2173 ms
2026-02-17 23:24:04.818 +05:30 [INF] HTTP GET /api/LoanDeals/0 responded 200 in 21.9660 ms
2026-02-17 23:24:04.829 +05:30 [INF] HTTP GET /api/LoanDeals/1 responded 200 in 6.8978 ms
2026-02-17 23:44:18.976 +05:30 [ERR] Test error log
2026-02-17 23:44:22.159 +05:30 [INF] HTTP GET /swagger/index.html responded 200 in 301.9505 ms
2026-02-17 23:44:22.600 +05:30 [INF] HTTP GET /swagger/v1/swagger.json responded 200 in 37.0334 ms
2026-02-17 23:44:26.567 +05:30 [INF] HTTP GET /api/LoanDeals/1 responded 200 in 4828.1108 ms
2026-02-17 23:44:26.657 +05:30 [INF] HTTP GET /favicon.ico responded 404 in 0.5912 ms
2026-02-17 23:44:26.685 +05:30 [INF] HTTP GET /api/LoanDeals/1 responded 200 in 72.0839 ms
2026-02-17 23:51:16.578 +05:30 [INF] HTTP GET /api/LoanDeals/1 responded 200 in 257.8900 ms
2026-02-17 23:51:16.694 +05:30 [INF] HTTP GET /api/LoanDeals/1 responded 200 in 18.5442 ms
2026-02-17 23:51:16.720 +05:30 [INF] HTTP GET /api/LoanDeals/1 responded 200 in 8.4135 ms
2026-02-17 23:51:16.734 +05:30 [INF] HTTP GET /api/LoanDeals/1 responded 200 in 9.4026 ms
2026-02-17 23:51:16.762 +05:30 [INF] HTTP GET /api/LoanDeals/0 responded 200 in 23.0046 ms
2026-02-17 23:51:16.777 +05:30 [INF] HTTP GET /api/LoanDeals/1 responded 200 in 11.3379 ms
